method,file,n_episodes,mean_regret,median_regret,std_regret,min_regret,max_regret,success_rate,group,mean_budget_used,median_budget_used,mean_budget_overshoot,median_budget_overshoot,mean_remaining_budget,median_remaining_budget,mean_episode_length,median_episode_length,mean_best_value,median_best_value,mean_best_oracle_value,median_best_oracle_value,mean_ground_truth,median_ground_truth
nocost_cost7,results/nocost_cost7_test8_epi64.csv,64,0.04591807071119544,0.01407530903816215,0.060333717011813844,0.0,0.251412957906723,0.453125,168331,5684.327789306641,5168.075927734375,684.3277651071548,168.0760955810547,-684.3277651071548,-168.0760955810547,16.546875,18.0,0.5652160425670445,0.5608269274234772,0.5651885862462223,0.565824031829834,0.6111066569574177,0.6090652644634247
nocost_cost7,results/nocost_cost7_test8_epi64.csv,64,0.02165168616920706,0.014770120382308901,0.024731673713975142,0.0,0.0979886651039123,0.34375,168335,6682.044525146484,5540.219482421875,1682.0445218086243,540.2196044921875,-1682.0445218086243,-540.2196044921875,11.25,12.0,0.9192889388650656,0.9201852679252625,0.9153191540390253,0.9144324958324432,0.9369708402082324,0.9361550211906433
nocost_cost7,results/nocost_cost7_test8_epi64.csv,64,0.0007152240723371191,0.0002011954784393,0.0011043531998003767,0.0,0.0057959556579589,0.71875,168868,5293.560081481934,5147.337158203125,293.56008517742157,147.33716583251953,-293.56008517742157,-147.33716583251953,18.53125,19.0,0.9992145830765367,1.0,0.9951144931837916,0.9954148530960083,0.9958297172561288,0.9959180653095245
nocost_cost7,results/nocost_cost7_test8_epi64.csv,64,0.025195780210196934,0.0213592946529388,0.024923512133567575,0.0,0.0923627614974975,0.25,168908,6032.505729675293,5823.51318359375,1032.5057218074799,823.5133666992188,-1032.5057218074799,-823.5133666992188,3.5625,4.0,0.788995761424303,0.7859298884868622,0.7878059549257159,0.7848671972751617,0.8130017351359129,0.8105657696723938
nocost_cost7,results/nocost_cost7_test8_epi64.csv,64,0.05873138038441535,0.027775079011917052,0.10092027191972713,0.0,0.481978178024292,0.171875,168910,5376.209114074707,5338.00439453125,376.2091021537781,338.0044860839844,-376.2091021537781,-338.0044860839844,9.1875,9.0,0.6381677901372313,0.6607562303543091,0.6363329687155783,0.6586170792579651,0.6950643490999937,0.6878021061420441
nocost_cost7,results/nocost_cost7_test8_epi64.csv,64,0.04198289569467302,0.034639090299606254,0.03758262508352316,0.0,0.1676378846168518,0.171875,189354,7716.442970275879,6465.3671875,2716.4429898262024,1465.367431640625,-2716.4429898262024,-1465.367431640625,4.296875,4.0,0.6791115906089544,0.6815076768398285,0.6788032157346606,0.6821249723434448,0.7207861114293337,0.7190057635307312
nocost_cost7,results/nocost_cost7_test8_epi64.csv,64,0.008325682953000057,0.0,0.014576162532110255,0.0,0.0611539483070373,0.640625,189862,4414.477626800537,4489.78173828125,33.47574609518051,0.0,585.5223809480667,510.2180938720703,29.15625,30.0,0.8548134583979845,0.8553428053855896,0.8547037877142429,0.8511417508125305,0.863029470667243,0.8645924031734467
nocost_cost7,results/nocost_cost7_test8_epi64.csv,64,0.007320343516766994,0.00352767109870905,0.00972319167352858,0.0,0.035229206085205,0.4375,189865,3911.441104888916,3864.9136962890625,7.737332105636597,0.0,1088.5589057207108,1135.0863647460938,29.84375,30.0,0.9449041020125151,0.9448161125183105,0.9421524228528142,0.9410298466682434,0.9494727663695812,0.9484845399856567
cost_mean_cost7,results/cost7_mean_test8_epi64.csv,64,0.03999836090952155,0.035442858934402396,0.04732642655786681,0.0,0.2354713976383209,0.40625,168331,5602.729080200195,5275.02099609375,602.7290903329849,275.0210418701172,-602.7290903329849,-275.0210418701172,14.609375,15.0,0.5557795194908977,0.5338103175163269,0.553451812826097,0.5375461578369141,0.5934501737356186,0.5861012935638428
cost_mean_cost7,results/cost7_mean_test8_epi64.csv,64,0.01899861451238391,0.01274982094764705,0.021456642938189472,0.0,0.0942744612693786,0.375,168335,6278.051528930664,5341.52978515625,1278.051560640335,341.52960205078125,-1278.051560640335,-341.52960205078125,11.390625,11.5,0.9198191873729229,0.9243050515651704,0.9181480035185814,0.9211392104625702,0.9371466180309653,0.937200278043747
cost_mean_cost7,results/cost7_mean_test8_epi64.csv,64,0.0009619072079658277,5.7220458984375e-06,0.0022429525502635343,0.0,0.0120770335197448,0.71875,168868,5552.033638000488,5319.990478515625,552.0336129665375,319.9904327392578,-552.0336129665375,-319.9904327392578,17.578125,18.0,0.9984466210007668,1.0,0.9948550155386329,0.9955154657363892,0.9958169227465987,0.9959750771522522
cost_mean_cost7,results/cost7_mean_test8_epi64.csv,64,0.02925039455294606,0.02584770321846005,0.025749607449266704,0.0,0.1094990968704223,0.203125,168908,6231.7188720703125,6134.93701171875,1231.7188439369202,1134.9370727539062,-1231.7188439369202,-1134.9370727539062,3.578125,4.0,0.783827131614089,0.7844049334526062,0.7820782512426376,0.7862440943717957,0.8113286457955837,0.8129446506500244
cost_mean_cost7,results/cost7_mean_test8_epi64.csv,64,0.03196759149432179,0.0207278728485107,0.053541974010695395,0.0,0.4050595164299011,0.25,168910,5396.786758422852,5394.82373046875,396.78676867485046,394.8236541748047,-396.78676867485046,-394.8236541748047,8.375,8.0,0.6650242861360312,0.6653085947036743,0.662672477774322,0.6640803217887878,0.6946400692686439,0.6871238350868225
cost_mean_cost7,results/cost7_mean_test8_epi64.csv,64,0.0293500171974301,0.02164015173912045,0.031027556867713482,0.0,0.109591543674469,0.3125,189354,8100.457550048828,6850.3798828125,3100.4575057029724,1850.380126953125,-3100.4575057029724,-1850.380126953125,4.390625,4.5,0.6961139049381018,0.6890242099761963,0.6941551147028804,0.691059023141861,0.7235051319003105,0.715238481760025
cost_mean_cost7,results/cost7_mean_test8_epi64.csv,64,0.010029016062617278,0.0,0.014714509181601242,0.0,0.0540458559989929,0.546875,189862,4595.562450408936,4685.96826171875,61.421507477760315,0.0,404.4375339746475,314.03172302246094,29.140625,30.0,0.8557808389887214,0.8536324203014374,0.8542896080762148,0.8529432117938995,0.8643186241388321,0.8664016723632812
cost_mean_cost7,results/cost7_mean_test8_epi64.csv,64,0.006914552301168409,0.0027855038642882997,0.009710028548365932,0.0,0.0398391485214233,0.359375,189865,3970.4469680786133,3956.629150390625,23.76970338821411,0.0,1029.553037405014,1043.370849609375,29.796875,30.0,0.9464626032859087,0.9470672309398651,0.9416413921862841,0.9402225315570831,0.9485559444874525,0.9472154080867767
cost_unc_cost7,results/cost7_unc_test8_epi64.csv,64,0.06053804513067004,0.05289325118064875,0.061052022452309396,0.0,0.2645632028579712,0.28125,168331,5614.431076049805,5175.716064453125,632.8140474557877,175.7161102294922,-614.4310537576675,-175.7161102294922,20.28125,21.0,0.5582490172237158,0.5469631552696228,0.5576479891315103,0.5440850853919983,0.6181860342621803,0.619345098733902
cost_unc_cost7,results/cost7_unc_test8_epi64.csv,64,0.013751596212387057,0.00383579730987545,0.018786033390080923,0.0,0.079191505908966,0.421875,168335,7058.454605102539,5505.91357421875,2058.4546035528183,505.91351318359375,-2058.4546035528183,-505.91351318359375,12.71875,14.0,0.9236297570168972,0.9244610369205475,0.9201824134215713,0.9256385862827301,0.9339340096339583,0.935064822435379
cost_unc_cost7,results/cost7_unc_test8_epi64.csv,64,0.0007851943373679863,2.467632293701172e-05,0.0011794102400229,0.0,0.004147469997406,0.71875,168868,5493.551445007324,5205.26708984375,493.55144214630127,205.2670135498047,-493.55144214630127,-205.2670135498047,17.65625,18.0,0.9982328694313765,1.0,0.9947710055857897,0.9951016008853912,0.9955561999231577,0.9956427216529846
cost_unc_cost7,results/cost7_unc_test8_epi64.csv,64,0.04302859306335445,0.04164609313011165,0.033703781845727726,0.0,0.1119560599327087,0.1875,168908,6039.973091125488,5768.12158203125,1039.973058462143,768.12158203125,-1039.973058462143,-768.12158203125,3.21875,3.0,0.7712281495332718,0.7752669751644135,0.7690116688609123,0.7703732252120972,0.8120402619242668,0.8117477297782898
cost_unc_cost7,results/cost7_unc_test8_epi64.csv,64,0.05685089109465477,0.02616596221923825,0.09922785828958264,0.0,0.4125995635986328,0.328125,168910,5352.170341491699,5297.05126953125,352.17034471035004,297.0512084960937,-352.17034471035004,-297.0512084960937,10.921875,11.0,0.6466790828853846,0.6719950437545776,0.6454230486415327,0.6685750186443329,0.7022739397361875,0.6933125257492065
cost_unc_cost7,results/cost7_unc_test8_epi64.csv,64,0.0618728110566735,0.060590744018554646,0.050858644887789385,0.0,0.1689159870147705,0.171875,189354,6783.998550415039,6030.74365234375,1783.998522758484,1030.7435913085938,-1783.998522758484,-1030.7435913085938,4.296875,4.0,0.660633584484458,0.6667890250682831,0.6584231657907367,0.6659531593322754,0.7202959768474102,0.7178250849246979
cost_unc_cost7,results/cost7_unc_test8_epi64.csv,64,0.003914542496204362,0.0,0.008315320542020502,0.0,0.0413700938224792,0.71875,189862,4362.033843994141,4335.048583984375,30.64625358581543,0.0,637.9661800861359,664.9515075683594,29.46875,30.0,0.8615677542984486,0.8598154485225677,0.8588163098320365,0.8578279614448547,0.8627308523282409,0.8635013401508331
cost_unc_cost7,results/cost7_unc_test8_epi64.csv,64,0.004223034717142563,0.0,0.006154152872344592,0.0,0.0211389064788818,0.5625,189865,3781.0854721069336,3766.0458984375,0.0,0.0,1218.9145226478577,1233.9541015625,30.0,30.0,0.9491835180670023,0.9464143812656403,0.9451146507635713,0.9420408606529236,0.9493376854807138,0.9483886659145355
