config,seed,instance,level,budget,max_acquisitions,target_total_evaluations,target_acquisitions,n_episodes,n_cost_samples,cost_median,cost_p90,mean_episode_length,median_episode_length,mean_total_evaluations,median_total_evaluations,mean_unique_points,median_unique_points,mean_budget_used,median_budget_used,mean_remaining_budget,median_remaining_budget,mean_budget_overshoot,median_budget_overshoot,median_target_error,max_total_evaluations,max_unique_points,p90_budget_overshoot,mean_overshoot_fraction,median_overshoot_fraction,budget_hit_rate,cap_only_rate,at_cap_rate,one_acquisition_rate,mean_initialization_cost
configs/pilots_and_audits/debug/debug_cost_mean_longrun_1m_new_critic.json,1,ALL,low,1090.0049419403076,29,10,7,2560,163840,124.37576293945312,589.362908935547,7.8796875,7.5,10.8796875,10.5,9.98359375,10.0,1351.843017578125,1190.45458984375,-261.83819580078125,-100.4496841430664,261.83819580078125,100.4496841430664,0.5,30,23,511.61625976562493,0.2402174472808838,0.09215526282787323,1.0,0.0,0.0,0.033203125,810.0589423086494
configs/pilots_and_audits/debug/debug_cost_mean_longrun_1m_new_critic.json,1,ALL,low,1090.0049419403076,45,10,7,2560,163840,124.37576293945312,589.362908935547,7.8796875,7.5,10.8796875,10.5,9.98359375,10.0,1351.843017578125,1190.45458984375,-261.83819580078125,-100.4496841430664,261.83819580078125,100.4496841430664,0.5,30,23,511.61625976562493,0.2402174472808838,0.09215526282787323,1.0,0.0,0.0,0.033203125,810.0589423086494
configs/pilots_and_audits/debug/debug_cost_mean_longrun_1m_new_critic.json,1,ALL,low,1090.0049419403076,61,10,7,2560,163840,124.37576293945312,589.362908935547,7.8796875,7.5,10.8796875,10.5,9.98359375,10.0,1351.843017578125,1190.45458984375,-261.83819580078125,-100.4496841430664,261.83819580078125,100.4496841430664,0.5,30,23,511.61625976562493,0.2402174472808838,0.09215526282787323,1.0,0.0,0.0,0.033203125,810.0589423086494
configs/pilots_and_audits/debug/debug_cost_mean_longrun_1m_new_critic.json,1,ALL,medium,2710.8908500671387,29,20,17,2560,163840,124.37576293945312,589.362908935547,17.546875,17.5,20.546875,20.5,17.334375,18.0,2914.65478515625,2798.03857421875,-203.7639923095703,-87.14781951904297,247.665283203125,87.14781951904297,0.5,32,31,501.12609252929684,0.09135937690734863,0.032147299498319626,0.882421875,0.117578125,0.141015625,0.00703125,810.0589423086494
configs/pilots_and_audits/debug/debug_cost_mean_longrun_1m_new_critic.json,1,ALL,medium,2710.8908500671387,45,20,17,2560,163840,124.37576293945312,589.362908935547,18.17109375,17.5,21.17109375,20.5,17.682421875,18.0,2967.192626953125,2807.171875,-256.30181884765625,-96.28084564208984,257.3902587890625,96.28084564208984,0.5,48,37,501.8912353515622,0.0949467346072197,0.03551631420850754,0.996875,0.003125,0.004296875,0.00703125,810.0589423086494
configs/pilots_and_audits/debug/debug_cost_mean_longrun_1m_new_critic.json,1,ALL,medium,2710.8908500671387,61,20,17,2560,163840,124.37576293945312,589.362908935547,18.191796875,17.5,21.191796875,20.5,17.691796875,18.0,2968.36279296875,2807.171875,-257.4718017578125,-96.28084564208984,257.4718017578125,96.28084564208984,0.5,62,41,501.8912353515622,0.09497682005167007,0.03551631420850754,1.0,0.0,0.0,0.00703125,810.0589423086494
configs/pilots_and_audits/debug/debug_cost_mean_longrun_1m_new_critic.json,1,ALL,high,4322.566970825195,29,30,27,2560,163840,124.37576293945312,589.362908935547,22.645703125,27.5,25.645703125,30.5,20.925,23.0,4019.268798828125,4342.6328125,303.2980041503906,-20.065505981445312,228.2815399169922,20.065505981445312,0.5,32,31,561.4120788574218,0.05281157046556473,0.0046420348808169365,0.545703125,0.454296875,0.47734375,0.005078125,810.0589423086494
configs/pilots_and_audits/debug/debug_cost_mean_longrun_1m_new_critic.json,1,ALL,high,4322.566970825195,45,30,27,2560,163840,124.37576293945312,589.362908935547,27.330078125,27.5,30.330078125,30.5,23.50859375,24.0,4518.337890625,4410.95068359375,-195.7711639404297,-88.38383483886719,268.1076965332031,88.38383483886719,0.5,48,41,584.3470886230468,0.06202511861920357,0.02044707164168358,0.87421875,0.12578125,0.142578125,0.005078125,810.0589423086494
configs/pilots_and_audits/debug/debug_cost_mean_longrun_1m_new_critic.json,1,ALL,high,4322.566970825195,61,30,27,2560,163840,124.37576293945312,589.362908935547,28.208203125,27.5,31.208203125,30.5,23.891796875,24.0,4594.93115234375,4422.248046875,-272.3646240234375,-99.68154907226562,277.61187744140625,99.68154907226562,0.5,64,48,584.3470886230468,0.06422384083271027,0.02306073158979416,0.98828125,0.01171875,0.013671875,0.005078125,810.0589423086494
configs/pilots_and_audits/debug/debug_cost_mean_longrun_1m_new_critic.json,1,3945,low,1090.0049419403076,29,10,7,128,8192,190.36141967773438,519.308935546875,5.140625,5.0,8.140625,8.0,7.7265625,8.0,1311.07861328125,1236.753173828125,-221.07386779785156,-146.74826049804688,221.07386779785156,146.74826049804688,-2.0,12,12,461.85805053710936,0.20281913876533508,0.13463082909584045,1.0,0.0,0.0,0.0234375,805.8119134008884
configs/pilots_and_audits/debug/debug_cost_mean_longrun_1m_new_critic.json,1,3945,low,1090.0049419403076,45,10,7,128,8192,190.36141967773438,519.308935546875,5.140625,5.0,8.140625,8.0,7.7265625,8.0,1311.07861328125,1236.753173828125,-221.07386779785156,-146.74826049804688,221.07386779785156,146.74826049804688,-2.0,12,12,461.85805053710936,0.20281913876533508,0.13463082909584045,1.0,0.0,0.0,0.0234375,805.8119134008884
configs/pilots_and_audits/debug/debug_cost_mean_longrun_1m_new_critic.json,1,3945,low,1090.0049419403076,61,10,7,128,8192,190.36141967773438,519.308935546875,5.140625,5.0,8.140625,8.0,7.7265625,8.0,1311.07861328125,1236.753173828125,-221.07386779785156,-146.74826049804688,221.07386779785156,146.74826049804688,-2.0,12,12,461.85805053710936,0.20281913876533508,0.13463082909584045,1.0,0.0,0.0,0.0234375,805.8119134008884
configs/pilots_and_audits/debug/debug_cost_mean_longrun_1m_new_critic.json,1,3945,medium,2710.8908500671387,29,20,17,128,8192,190.36141967773438,519.308935546875,11.6171875,12.0,14.6171875,15.0,13.1484375,13.0,2982.54736328125,2867.55078125,-271.65655517578125,-156.65988159179688,271.65655517578125,156.65988159179688,-5.0,21,19,624.8759521484371,0.1002093255519867,0.05778907984495163,1.0,0.0,0.0,0.0,805.8119134008884
configs/pilots_and_audits/debug/debug_cost_mean_longrun_1m_new_critic.json,1,3945,medium,2710.8908500671387,45,20,17,128,8192,190.36141967773438,519.308935546875,11.6171875,12.0,14.6171875,15.0,13.1484375,13.0,2982.54736328125,2867.55078125,-271.65655517578125,-156.65988159179688,271.65655517578125,156.65988159179688,-5.0,21,19,624.8759521484371,0.1002093255519867,0.05778907984495163,1.0,0.0,0.0,0.0,805.8119134008884
configs/pilots_and_audits/debug/debug_cost_mean_longrun_1m_new_critic.json,1,3945,medium,2710.8908500671387,61,20,17,128,8192,190.36141967773438,519.308935546875,11.6171875,12.0,14.6171875,15.0,13.1484375,13.0,2982.54736328125,2867.55078125,-271.65655517578125,-156.65988159179688,271.65655517578125,156.65988159179688,-5.0,21,19,624.8759521484371,0.1002093255519867,0.05778907984495163,1.0,0.0,0.0,0.0,805.8119134008884
configs/pilots_and_audits/debug/debug_cost_mean_longrun_1m_new_critic.json,1,3945,high,4322.566970825195,29,30,27,128,8192,190.36141967773438,519.308935546875,17.6796875,18.0,20.6796875,21.0,17.7265625,18.0,4508.759765625,4460.95361328125,-186.1932373046875,-138.38662719726562,186.1932373046875,138.38662719726562,-9.0,29,25,414.02880554199214,0.04307468980550766,0.03201492130756378,1.0,0.0,0.0,0.0,805.8119134008884
configs/pilots_and_audits/debug/debug_cost_mean_longrun_1m_new_critic.json,1,3945,high,4322.566970825195,45,30,27,128,8192,190.36141967773438,519.308935546875,17.6796875,18.0,20.6796875,21.0,17.7265625,18.0,4508.759765625,4460.95361328125,-186.1932373046875,-138.38662719726562,186.1932373046875,138.38662719726562,-9.0,29,25,414.02880554199214,0.04307468980550766,0.03201492130756378,1.0,0.0,0.0,0.0,805.8119134008884
configs/pilots_and_audits/debug/debug_cost_mean_longrun_1m_new_critic.json,1,3945,high,4322.566970825195,61,30,27,128,8192,190.36141967773438,519.308935546875,17.6796875,18.0,20.6796875,21.0,17.7265625,18.0,4508.759765625,4460.95361328125,-186.1932373046875,-138.38662719726562,186.1932373046875,138.38662719726562,-9.0,29,25,414.02880554199214,0.04307468980550766,0.03201492130756378,1.0,0.0,0.0,0.0,805.8119134008884
configs/pilots_and_audits/debug/debug_cost_mean_longrun_1m_new_critic.json,1,7593,low,1090.0049419403076,29,10,7,128,8192,939.466064453125,3027.425170898438,1.5390625,2.0,4.5390625,5.0,4.484375,4.0,2719.05615234375,1799.669189453125,-1629.05126953125,-709.6641845703125,1629.05126953125,709.6641845703125,-5.0,5,5,5191.095019531248,1.4945358037948608,0.6510651707649231,1.0,0.0,0.0,0.4609375,5216.998694896698
configs/pilots_and_audits/debug/debug_cost_mean_longrun_1m_new_critic.json,1,7593,low,1090.0049419403076,45,10,7,128,8192,939.466064453125,3027.425170898438,1.5390625,2.0,4.5390625,5.0,4.484375,4.0,2719.05615234375,1799.669189453125,-1629.05126953125,-709.6641845703125,1629.05126953125,709.6641845703125,-5.0,5,5,5191.095019531248,1.4945358037948608,0.6510651707649231,1.0,0.0,0.0,0.4609375,5216.998694896698
configs/pilots_and_audits/debug/debug_cost_mean_longrun_1m_new_critic.json,1,7593,low,1090.0049419403076,61,10,7,128,8192,939.466064453125,3027.425170898438,1.5390625,2.0,4.5390625,5.0,4.484375,4.0,2719.05615234375,1799.669189453125,-1629.05126953125,-709.6641845703125,1629.05126953125,709.6641845703125,-5.0,5,5,5191.095019531248,1.4945358037948608,0.6510651707649231,1.0,0.0,0.0,0.4609375,5216.998694896698
configs/pilots_and_audits/debug/debug_cost_mean_longrun_1m_new_critic.json,1,7593,medium,2710.8908500671387,29,20,17,128,8192,939.466064453125,3027.425170898438,2.703125,3.0,5.703125,6.0,5.5390625,6.0,4298.40625,3436.43798828125,-1587.5155029296875,-725.5472412109375,1587.5155029296875,725.5472412109375,-14.0,8,8,4192.90537109375,0.585606575012207,0.2676416337490082,1.0,0.0,0.0,0.1328125,5216.998694896698
configs/pilots_and_audits/debug/debug_cost_mean_longrun_1m_new_critic.json,1,7593,medium,2710.8908500671387,45,20,17,128,8192,939.466064453125,3027.425170898438,2.703125,3.0,5.703125,6.0,5.5390625,6.0,4298.40625,3436.43798828125,-1587.5155029296875,-725.5472412109375,1587.5155029296875,725.5472412109375,-14.0,8,8,4192.90537109375,0.585606575012207,0.2676416337490082,1.0,0.0,0.0,0.1328125,5216.998694896698
configs/pilots_and_audits/debug/debug_cost_mean_longrun_1m_new_critic.json,1,7593,medium,2710.8908500671387,61,20,17,128,8192,939.466064453125,3027.425170898438,2.703125,3.0,5.703125,6.0,5.5390625,6.0,4298.40625,3436.43798828125,-1587.5155029296875,-725.5472412109375,1587.5155029296875,725.5472412109375,-14.0,8,8,4192.90537109375,0.585606575012207,0.2676416337490082,1.0,0.0,0.0,0.1328125,5216.998694896698
configs/pilots_and_audits/debug/debug_cost_mean_longrun_1m_new_critic.json,1,7593,high,4322.566970825195,29,30,27,128,8192,939.466064453125,3027.425170898438,3.8359375,4.0,6.8359375,7.0,6.5859375,7.0,6242.48681640625,5230.771484375,-1919.9200439453125,-908.2044677734375,1919.9200439453125,908.2044677734375,-23.0,10,10,3822.3588623046876,0.4441620409488678,0.21010766923427582,1.0,0.0,0.0,0.1015625,5216.998694896698
configs/pilots_and_audits/debug/debug_cost_mean_longrun_1m_new_critic.json,1,7593,high,4322.566970825195,45,30,27,128,8192,939.466064453125,3027.425170898438,3.8359375,4.0,6.8359375,7.0,6.5859375,7.0,6242.48681640625,5230.771484375,-1919.9200439453125,-908.2044677734375,1919.9200439453125,908.2044677734375,-23.0,10,10,3822.3588623046876,0.4441620409488678,0.21010766923427582,1.0,0.0,0.0,0.1015625,5216.998694896698
configs/pilots_and_audits/debug/debug_cost_mean_longrun_1m_new_critic.json,1,7593,high,4322.566970825195,61,30,27,128,8192,939.466064453125,3027.425170898438,3.8359375,4.0,6.8359375,7.0,6.5859375,7.0,6242.48681640625,5230.771484375,-1919.9200439453125,-908.2044677734375,1919.9200439453125,908.2044677734375,-23.0,10,10,3822.3588623046876,0.4441620409488678,0.21010766923427582,1.0,0.0,0.0,0.1015625,5216.998694896698
configs/pilots_and_audits/debug/debug_cost_mean_longrun_1m_new_critic.json,1,34539,low,1090.0049419403076,29,10,7,128,8192,91.9368896484375,275.0522338867189,9.1328125,10.0,12.1328125,13.0,11.078125,12.0,1222.8240966796875,1168.208740234375,-132.8192596435547,-78.20394134521484,132.8192596435547,78.20394134521484,3.0,17,16,285.31232910156245,0.12185199558734894,0.07174640893936157,1.0,0.0,0.0,0.0,417.26860842108727
configs/pilots_and_audits/debug/debug_cost_mean_longrun_1m_new_critic.json,1,34539,low,1090.0049419403076,45,10,7,128,8192,91.9368896484375,275.0522338867189,9.1328125,10.0,12.1328125,13.0,11.078125,12.0,1222.8240966796875,1168.208740234375,-132.8192596435547,-78.20394134521484,132.8192596435547,78.20394134521484,3.0,17,16,285.31232910156245,0.12185199558734894,0.07174640893936157,1.0,0.0,0.0,0.0,417.26860842108727
configs/pilots_and_audits/debug/debug_cost_mean_longrun_1m_new_critic.json,1,34539,low,1090.0049419403076,61,10,7,128,8192,91.9368896484375,275.0522338867189,9.1328125,10.0,12.1328125,13.0,11.078125,12.0,1222.8240966796875,1168.208740234375,-132.8192596435547,-78.20394134521484,132.8192596435547,78.20394134521484,3.0,17,16,285.31232910156245,0.12185199558734894,0.07174640893936157,1.0,0.0,0.0,0.0,417.26860842108727
configs/pilots_and_audits/debug/debug_cost_mean_longrun_1m_new_critic.json,1,34539,medium,2710.8908500671387,29,20,17,128,8192,91.9368896484375,275.0522338867189,20.7734375,21.0,23.7734375,24.0,19.78125,20.0,2853.31884765625,2782.6650390625,-142.4280242919922,-71.77412414550781,142.4280242919922,71.77412414550781,4.0,32,29,371.04614868164055,0.052539195865392685,0.026476213708519936,1.0,0.0,0.03125,0.0,417.26860842108727
configs/pilots_and_audits/debug/debug_cost_mean_longrun_1m_new_critic.json,1,34539,medium,2710.8908500671387,45,20,17,128,8192,91.9368896484375,275.0522338867189,20.7734375,21.0,23.7734375,24.0,19.78125,20.0,2853.31884765625,2782.6650390625,-142.4280242919922,-71.77412414550781,142.4280242919922,71.77412414550781,4.0,32,29,371.04614868164055,0.052539195865392685,0.026476213708519936,1.0,0.0,0.0,0.0,417.26860842108727
configs/pilots_and_audits/debug/debug_cost_mean_longrun_1m_new_critic.json,1,34539,medium,2710.8908500671387,61,20,17,128,8192,91.9368896484375,275.0522338867189,20.7734375,21.0,23.7734375,24.0,19.78125,20.0,2853.31884765625,2782.6650390625,-142.4280242919922,-71.77412414550781,142.4280242919922,71.77412414550781,4.0,32,29,371.04614868164055,0.052539195865392685,0.026476213708519936,1.0,0.0,0.0,0.0,417.26860842108727
configs/pilots_and_audits/debug/debug_cost_mean_longrun_1m_new_critic.json,1,34539,high,4322.566970825195,29,30,27,128,8192,91.9368896484375,275.0522338867189,27.6640625,29.0,30.6640625,32.0,24.25,25.0,3896.9130859375,3979.84423828125,425.65386962890625,342.7227783203125,51.252952575683594,0.0,2.0,32,29,169.48799896240232,0.011857063509523869,0.0,0.359375,0.640625,0.6953125,0.0,417.26860842108727
configs/pilots_and_audits/debug/debug_cost_mean_longrun_1m_new_critic.json,1,34539,high,4322.566970825195,45,30,27,128,8192,91.9368896484375,275.0522338867189,31.921875,32.0,34.921875,35.0,26.6875,27.0,4447.54443359375,4400.19140625,-124.97742462158203,-77.62449645996094,125.32623291015625,77.62449645996094,5.0,48,37,301.72045288085934,0.028993472456932068,0.017957963049411774,0.984375,0.015625,0.0234375,0.0,417.26860842108727
configs/pilots_and_audits/debug/debug_cost_mean_longrun_1m_new_critic.json,1,34539,high,4322.566970825195,61,30,27,128,8192,91.9368896484375,275.0522338867189,31.9375,32.0,34.9375,35.0,26.6875,27.0,4448.7646484375,4400.5205078125,-126.19795227050781,-77.95376586914062,126.19795227050781,77.95376586914062,5.0,49,37,301.72045288085934,0.029195141047239304,0.018034137785434723,1.0,0.0,0.0,0.0,417.26860842108727
configs/pilots_and_audits/debug/debug_cost_mean_longrun_1m_new_critic.json,1,126025,low,1090.0049419403076,29,10,7,128,8192,97.59286499023438,305.4976989746094,8.21875,8.5,11.21875,11.5,10.375,11.0,1285.257080078125,1180.6439208984375,-195.2520751953125,-90.63899230957031,195.2520751953125,90.63899230957031,1.5,16,16,359.4774475097656,0.17912954092025757,0.08315466344356537,1.0,0.0,0.0,0.0078125,496.793699324131
configs/pilots_and_audits/debug/debug_cost_mean_longrun_1m_new_critic.json,1,126025,low,1090.0049419403076,45,10,7,128,8192,97.59286499023438,305.4976989746094,8.21875,8.5,11.21875,11.5,10.375,11.0,1285.257080078125,1180.6439208984375,-195.2520751953125,-90.63899230957031,195.2520751953125,90.63899230957031,1.5,16,16,359.4774475097656,0.17912954092025757,0.08315466344356537,1.0,0.0,0.0,0.0078125,496.793699324131
configs/pilots_and_audits/debug/debug_cost_mean_longrun_1m_new_critic.json,1,126025,low,1090.0049419403076,61,10,7,128,8192,97.59286499023438,305.4976989746094,8.21875,8.5,11.21875,11.5,10.375,11.0,1285.257080078125,1180.6439208984375,-195.2520751953125,-90.63899230957031,195.2520751953125,90.63899230957031,1.5,16,16,359.4774475097656,0.17912954092025757,0.08315466344356537,1.0,0.0,0.0,0.0078125,496.793699324131
configs/pilots_and_audits/debug/debug_cost_mean_longrun_1m_new_critic.json,1,126025,medium,2710.8908500671387,29,20,17,128,8192,97.59286499023438,305.4976989746094,19.0625,19.5,22.0625,22.5,18.796875,19.0,2901.16943359375,2794.723876953125,-190.278564453125,-83.83300018310547,190.278564453125,83.83300018310547,2.5,32,26,464.3988098144531,0.0701904147863388,0.030924519523978233,1.0,0.0,0.015625,0.0,496.793699324131
configs/pilots_and_audits/debug/debug_cost_mean_longrun_1m_new_critic.json,1,126025,medium,2710.8908500671387,45,20,17,128,8192,97.59286499023438,305.4976989746094,19.0625,19.5,22.0625,22.5,18.796875,19.0,2901.16943359375,2794.723876953125,-190.278564453125,-83.83300018310547,190.278564453125,83.83300018310547,2.5,32,26,464.3988098144531,0.0701904147863388,0.030924519523978233,1.0,0.0,0.0,0.0,496.793699324131
configs/pilots_and_audits/debug/debug_cost_mean_longrun_1m_new_critic.json,1,126025,medium,2710.8908500671387,61,20,17,128,8192,97.59286499023438,305.4976989746094,19.0625,19.5,22.0625,22.5,18.796875,19.0,2901.16943359375,2794.723876953125,-190.278564453125,-83.83300018310547,190.278564453125,83.83300018310547,2.5,32,26,464.3988098144531,0.0701904147863388,0.030924519523978233,1.0,0.0,0.0,0.0,496.793699324131
configs/pilots_and_audits/debug/debug_cost_mean_longrun_1m_new_critic.json,1,126025,high,4322.566970825195,29,30,27,128,8192,97.59286499023438,305.4976989746094,26.3359375,29.0,29.3359375,32.0,23.8515625,25.0,4068.635986328125,4185.2431640625,253.93099975585938,137.32395935058594,109.900634765625,0.0,2.0,32,29,326.89609985351564,0.025424852967262268,0.0,0.453125,0.546875,0.6015625,0.0,496.793699324131
configs/pilots_and_audits/debug/debug_cost_mean_longrun_1m_new_critic.json,1,126025,high,4322.566970825195,45,30,27,128,8192,97.59286499023438,305.4976989746094,29.3125,30.5,32.3125,33.5,25.6171875,26.0,4526.01611328125,4408.6806640625,-203.4493865966797,-86.1141357421875,203.4493865966797,86.1141357421875,3.5,47,35,465.53347473144527,0.04706680402159691,0.01992199197411537,1.0,0.0,0.0,0.0,496.793699324131
configs/pilots_and_audits/debug/debug_cost_mean_longrun_1m_new_critic.json,1,126025,high,4322.566970825195,61,30,27,128,8192,97.59286499023438,305.4976989746094,29.3125,30.5,32.3125,33.5,25.6171875,26.0,4526.01611328125,4408.6806640625,-203.4493865966797,-86.1141357421875,203.4493865966797,86.1141357421875,3.5,47,35,465.53347473144527,0.04706680402159691,0.01992199197411537,1.0,0.0,0.0,0.0,496.793699324131
configs/pilots_and_audits/debug/debug_cost_mean_longrun_1m_new_critic.json,1,126026,low,1090.0049419403076,29,10,7,128,8192,113.60069274902344,353.2344818115237,7.484375,7.0,10.484375,10.0,9.7421875,10.0,1225.1485595703125,1185.236083984375,-135.14361572265625,-95.23113250732422,135.14361572265625,95.23113250732422,0.0,16,15,314.67848205566406,0.12398441135883331,0.08736762404441833,1.0,0.0,0.0,0.0078125,506.98715540766716
configs/pilots_and_audits/debug/debug_cost_mean_longrun_1m_new_critic.json,1,126026,low,1090.0049419403076,45,10,7,128,8192,113.60069274902344,353.2344818115237,7.484375,7.0,10.484375,10.0,9.7421875,10.0,1225.1485595703125,1185.236083984375,-135.14361572265625,-95.23113250732422,135.14361572265625,95.23113250732422,0.0,16,15,314.67848205566406,0.12398441135883331,0.08736762404441833,1.0,0.0,0.0,0.0078125,506.98715540766716
configs/pilots_and_audits/debug/debug_cost_mean_longrun_1m_new_critic.json,1,126026,low,1090.0049419403076,61,10,7,128,8192,113.60069274902344,353.2344818115237,7.484375,7.0,10.484375,10.0,9.7421875,10.0,1225.1485595703125,1185.236083984375,-135.14361572265625,-95.23113250732422,135.14361572265625,95.23113250732422,0.0,16,15,314.67848205566406,0.12398441135883331,0.08736762404441833,1.0,0.0,0.0,0.0078125,506.98715540766716
configs/pilots_and_audits/debug/debug_cost_mean_longrun_1m_new_critic.json,1,126026,medium,2710.8908500671387,29,20,17,128,8192,113.60069274902344,353.2344818115237,17.1640625,17.0,20.1640625,20.0,17.203125,17.0,2860.59912109375,2789.85546875,-149.70826721191406,-78.96449279785156,149.70826721191406,78.96449279785156,0.0,31,27,415.28588562011714,0.05522475391626358,0.02912861481308937,1.0,0.0,0.0,0.0,506.98715540766716
configs/pilots_and_audits/debug/debug_cost_mean_longrun_1m_new_critic.json,1,126026,medium,2710.8908500671387,45,20,17,128,8192,113.60069274902344,353.2344818115237,17.1640625,17.0,20.1640625,20.0,17.203125,17.0,2860.59912109375,2789.85546875,-149.70826721191406,-78.96449279785156,149.70826721191406,78.96449279785156,0.0,31,27,415.28588562011714,0.05522475391626358,0.02912861481308937,1.0,0.0,0.0,0.0,506.98715540766716
configs/pilots_and_audits/debug/debug_cost_mean_longrun_1m_new_critic.json,1,126026,medium,2710.8908500671387,61,20,17,128,8192,113.60069274902344,353.2344818115237,17.1640625,17.0,20.1640625,20.0,17.203125,17.0,2860.59912109375,2789.85546875,-149.70826721191406,-78.96449279785156,149.70826721191406,78.96449279785156,0.0,31,27,415.28588562011714,0.05522475391626358,0.02912861481308937,1.0,0.0,0.0,0.0,506.98715540766716
configs/pilots_and_audits/debug/debug_cost_mean_longrun_1m_new_critic.json,1,126026,high,4322.566970825195,29,30,27,128,8192,113.60069274902344,353.2344818115237,25.3984375,26.5,28.3984375,29.5,22.7265625,23.0,4259.21484375,4364.21826171875,63.35228729248047,-41.65146255493164,99.04276275634766,41.65146255493164,-0.5,32,29,268.581982421875,0.022912949323654175,0.009635817259550095,0.6875,0.3125,0.3515625,0.0,506.98715540766716
configs/pilots_and_audits/debug/debug_cost_mean_longrun_1m_new_critic.json,1,126026,high,4322.566970825195,45,30,27,128,8192,113.60069274902344,353.2344818115237,26.8125,26.5,29.8125,29.5,23.578125,23.0,4464.95849609375,4408.3369140625,-142.39141845703125,-85.76964569091797,142.39141845703125,85.76964569091797,-0.5,48,35,394.0218505859375,0.03294140100479126,0.019842293113470078,1.0,0.0,0.0078125,0.0,506.98715540766716
configs/pilots_and_audits/debug/debug_cost_mean_longrun_1m_new_critic.json,1,126026,high,4322.566970825195,61,30,27,128,8192,113.60069274902344,353.2344818115237,26.8125,26.5,29.8125,29.5,23.578125,23.0,4464.95849609375,4408.3369140625,-142.39141845703125,-85.76964569091797,142.39141845703125,85.76964569091797,-0.5,48,35,394.0218505859375,0.03294140100479126,0.019842293113470078,1.0,0.0,0.0,0.0,506.98715540766716
configs/pilots_and_audits/debug/debug_cost_mean_longrun_1m_new_critic.json,1,126029,low,1090.0049419403076,29,10,7,128,8192,95.00751495361328,333.9092041015627,7.828125,8.0,10.828125,11.0,9.984375,10.0,1263.776123046875,1180.4034423828125,-173.77127075195312,-90.39849853515625,173.77127075195312,90.39849853515625,1.0,18,16,421.8501525878906,0.15942248702049255,0.08293402940034866,1.0,0.0,0.0,0.0,446.5059729516506
configs/pilots_and_audits/debug/debug_cost_mean_longrun_1m_new_critic.json,1,126029,low,1090.0049419403076,45,10,7,128,8192,95.00751495361328,333.9092041015627,7.828125,8.0,10.828125,11.0,9.984375,10.0,1263.776123046875,1180.4034423828125,-173.77127075195312,-90.39849853515625,173.77127075195312,90.39849853515625,1.0,18,16,421.8501525878906,0.15942248702049255,0.08293402940034866,1.0,0.0,0.0,0.0,446.5059729516506
configs/pilots_and_audits/debug/debug_cost_mean_longrun_1m_new_critic.json,1,126029,low,1090.0049419403076,61,10,7,128,8192,95.00751495361328,333.9092041015627,7.828125,8.0,10.828125,11.0,9.984375,10.0,1263.776123046875,1180.4034423828125,-173.77127075195312,-90.39849853515625,173.77127075195312,90.39849853515625,1.0,18,16,421.8501525878906,0.15942248702049255,0.08293402940034866,1.0,0.0,0.0,0.0,446.5059729516506
configs/pilots_and_audits/debug/debug_cost_mean_longrun_1m_new_critic.json,1,126029,medium,2710.8908500671387,29,20,17,128,8192,95.00751495361328,333.9092041015627,17.9609375,18.0,20.9609375,21.0,17.953125,18.0,2910.963134765625,2783.19140625,-200.0722198486328,-72.3006591796875,200.0722198486328,72.3006591796875,1.0,30,26,458.9783233642578,0.0738031342625618,0.026670441031455994,1.0,0.0,0.0,0.0,446.5059729516506
configs/pilots_and_audits/debug/debug_cost_mean_longrun_1m_new_critic.json,1,126029,medium,2710.8908500671387,45,20,17,128,8192,95.00751495361328,333.9092041015627,17.9609375,18.0,20.9609375,21.0,17.953125,18.0,2910.963134765625,2783.19140625,-200.0722198486328,-72.3006591796875,200.0722198486328,72.3006591796875,1.0,30,26,458.9783233642578,0.0738031342625618,0.026670441031455994,1.0,0.0,0.0,0.0,446.5059729516506
configs/pilots_and_audits/debug/debug_cost_mean_longrun_1m_new_critic.json,1,126029,medium,2710.8908500671387,61,20,17,128,8192,95.00751495361328,333.9092041015627,17.9609375,18.0,20.9609375,21.0,17.953125,18.0,2910.963134765625,2783.19140625,-200.0722198486328,-72.3006591796875,200.0722198486328,72.3006591796875,1.0,30,26,458.9783233642578,0.0738031342625618,0.026670441031455994,1.0,0.0,0.0,0.0,446.5059729516506
configs/pilots_and_audits/debug/debug_cost_mean_longrun_1m_new_critic.json,1,126029,high,4322.566970825195,29,30,27,128,8192,95.00751495361328,333.9092041015627,26.1796875,29.0,29.1796875,32.0,23.5,24.0,4182.3056640625,4334.9140625,140.2609405517578,-12.347583770751953,85.88932800292969,12.347583770751953,2.0,32,29,267.1177001953123,0.019869983196258545,0.002856539562344551,0.53125,0.46875,0.53125,0.0,446.5059729516506
configs/pilots_and_audits/debug/debug_cost_mean_longrun_1m_new_critic.json,1,126029,high,4322.566970825195,45,30,27,128,8192,95.00751495361328,333.9092041015627,28.1015625,29.0,31.1015625,32.0,24.734375,25.0,4494.625,4407.9140625,-172.05850219726562,-85.34748840332031,172.05850219726562,85.34748840332031,2.0,48,35,417.33728027343744,0.03980471193790436,0.0197446309030056,1.0,0.0,0.0078125,0.0,446.5059729516506
configs/pilots_and_audits/debug/debug_cost_mean_longrun_1m_new_critic.json,1,126029,high,4322.566970825195,61,30,27,128,8192,95.00751495361328,333.9092041015627,28.1015625,29.0,31.1015625,32.0,24.734375,25.0,4494.625,4407.9140625,-172.05850219726562,-85.34748840332031,172.05850219726562,85.34748840332031,2.0,48,35,417.33728027343744,0.03980471193790436,0.0197446309030056,1.0,0.0,0.0,0.0,446.5059729516506
configs/pilots_and_audits/debug/debug_cost_mean_longrun_1m_new_critic.json,1,146212,low,1090.0049419403076,29,10,7,128,8192,118.30075073242188,444.4227935791018,6.953125,7.0,9.953125,10.0,9.2734375,9.0,1340.7242431640625,1206.73193359375,-250.7193603515625,-116.72702026367188,250.7193603515625,116.72702026367188,0.0,18,17,637.884228515625,0.23001672327518463,0.10708852112293243,1.0,0.0,0.0,0.0,613.7838795930147
configs/pilots_and_audits/debug/debug_cost_mean_longrun_1m_new_critic.json,1,146212,low,1090.0049419403076,45,10,7,128,8192,118.30075073242188,444.4227935791018,6.953125,7.0,9.953125,10.0,9.2734375,9.0,1340.7242431640625,1206.73193359375,-250.7193603515625,-116.72702026367188,250.7193603515625,116.72702026367188,0.0,18,17,637.884228515625,0.23001672327518463,0.10708852112293243,1.0,0.0,0.0,0.0,613.7838795930147
configs/pilots_and_audits/debug/debug_cost_mean_longrun_1m_new_critic.json,1,146212,low,1090.0049419403076,61,10,7,128,8192,118.30075073242188,444.4227935791018,6.953125,7.0,9.953125,10.0,9.2734375,9.0,1340.7242431640625,1206.73193359375,-250.7193603515625,-116.72702026367188,250.7193603515625,116.72702026367188,0.0,18,17,637.884228515625,0.23001672327518463,0.10708852112293243,1.0,0.0,0.0,0.0,613.7838795930147
configs/pilots_and_audits/debug/debug_cost_mean_longrun_1m_new_critic.json,1,146212,medium,2710.8908500671387,29,20,17,128,8192,118.30075073242188,444.4227935791018,14.796875,15.0,17.796875,18.0,15.6875,16.0,2925.513427734375,2842.72998046875,-214.62255859375,-131.83924865722656,214.62255859375,131.83924865722656,-2.0,32,24,439.30285339355464,0.07917049527168274,0.04863318055868149,1.0,0.0,0.0078125,0.0,613.7838795930147
configs/pilots_and_audits/debug/debug_cost_mean_longrun_1m_new_critic.json,1,146212,medium,2710.8908500671387,45,20,17,128,8192,118.30075073242188,444.4227935791018,14.796875,15.0,17.796875,18.0,15.6875,16.0,2925.513427734375,2842.72998046875,-214.62255859375,-131.83924865722656,214.62255859375,131.83924865722656,-2.0,32,24,439.30285339355464,0.07917049527168274,0.04863318055868149,1.0,0.0,0.0,0.0,613.7838795930147
configs/pilots_and_audits/debug/debug_cost_mean_longrun_1m_new_critic.json,1,146212,medium,2710.8908500671387,61,20,17,128,8192,118.30075073242188,444.4227935791018,14.796875,15.0,17.796875,18.0,15.6875,16.0,2925.513427734375,2842.72998046875,-214.62255859375,-131.83924865722656,214.62255859375,131.83924865722656,-2.0,32,24,439.30285339355464,0.07917049527168274,0.04863318055868149,1.0,0.0,0.0,0.0,613.7838795930147
configs/pilots_and_audits/debug/debug_cost_mean_longrun_1m_new_critic.json,1,146212,high,4322.566970825195,29,30,27,128,8192,118.30075073242188,444.4227935791018,22.5703125,23.0,25.5703125,26.0,21.2421875,22.0,4456.35400390625,4404.3125,-133.78707885742188,-81.74581146240234,205.58160400390625,81.74581146240234,-4.0,32,28,607.7539489746093,0.04756007343530655,0.01891140639781952,0.8515625,0.1484375,0.203125,0.0,613.7838795930147
configs/pilots_and_audits/debug/debug_cost_mean_longrun_1m_new_critic.json,1,146212,high,4322.566970825195,45,30,27,128,8192,118.30075073242188,444.4227935791018,23.1171875,23.0,26.1171875,26.0,21.5234375,22.0,4560.5205078125,4421.01171875,-237.95391845703125,-98.4452133178711,237.95391845703125,98.4452133178711,-4.0,44,31,688.5244384765624,0.055049214512109756,0.02277471125125885,1.0,0.0,0.0,0.0,613.7838795930147
configs/pilots_and_audits/debug/debug_cost_mean_longrun_1m_new_critic.json,1,146212,high,4322.566970825195,61,30,27,128,8192,118.30075073242188,444.4227935791018,23.1171875,23.0,26.1171875,26.0,21.5234375,22.0,4560.5205078125,4421.01171875,-237.95391845703125,-98.4452133178711,237.95391845703125,98.4452133178711,-4.0,44,31,688.5244384765624,0.055049214512109756,0.02277471125125885,1.0,0.0,0.0,0.0,613.7838795930147
configs/pilots_and_audits/debug/debug_cost_mean_longrun_1m_new_critic.json,1,167104,low,1090.0049419403076,29,10,7,128,8192,53.54362487792969,200.05939331054694,13.9453125,14.0,16.9453125,17.0,14.7734375,14.0,1182.89990234375,1140.5859375,-92.89517211914062,-50.58101272583008,92.89517211914062,50.58101272583008,7.0,30,23,215.42980194091788,0.08522453904151917,0.0464043915271759,1.0,0.0,0.0,0.0,251.3075221553445
configs/pilots_and_audits/debug/debug_cost_mean_longrun_1m_new_critic.json,1,167104,low,1090.0049419403076,45,10,7,128,8192,53.54362487792969,200.05939331054694,13.9453125,14.0,16.9453125,17.0,14.7734375,14.0,1182.89990234375,1140.5859375,-92.89517211914062,-50.58101272583008,92.89517211914062,50.58101272583008,7.0,30,23,215.42980194091788,0.08522453904151917,0.0464043915271759,1.0,0.0,0.0,0.0,251.3075221553445
configs/pilots_and_audits/debug/debug_cost_mean_longrun_1m_new_critic.json,1,167104,low,1090.0049419403076,61,10,7,128,8192,53.54362487792969,200.05939331054694,13.9453125,14.0,16.9453125,17.0,14.7734375,14.0,1182.89990234375,1140.5859375,-92.89517211914062,-50.58101272583008,92.89517211914062,50.58101272583008,7.0,30,23,215.42980194091788,0.08522453904151917,0.0464043915271759,1.0,0.0,0.0,0.0,251.3075221553445
configs/pilots_and_audits/debug/debug_cost_mean_longrun_1m_new_critic.json,1,167104,medium,2710.8908500671387,29,20,17,128,8192,53.54362487792969,200.05939331054694,27.8046875,29.0,30.8046875,32.0,24.5703125,25.0,2368.30029296875,2433.71728515625,342.59033203125,277.1734619140625,24.128917694091797,0.0,12.0,32,31,70.54699096679687,0.008900733664631844,0.0,0.3046875,0.6953125,0.7421875,0.0,251.3075221553445
configs/pilots_and_audits/debug/debug_cost_mean_longrun_1m_new_critic.json,1,167104,medium,2710.8908500671387,45,20,17,128,8192,53.54362487792969,200.05939331054694,33.140625,33.0,36.140625,36.0,27.53125,27.5,2770.71630859375,2761.10107421875,-59.825347900390625,-50.21027374267578,78.13191223144531,50.21027374267578,16.0,48,37,197.19030761718747,0.028821488842368126,0.018521688878536224,0.953125,0.046875,0.0703125,0.0,251.3075221553445
configs/pilots_and_audits/debug/debug_cost_mean_longrun_1m_new_critic.json,1,167104,medium,2710.8908500671387,61,20,17,128,8192,53.54362487792969,200.05939331054694,33.4921875,33.0,36.4921875,36.0,27.703125,27.5,2790.40478515625,2762.64306640625,-79.51399993896484,-51.752288818359375,79.51399993896484,51.752288818359375,16.0,62,41,197.19030761718747,0.02933131717145443,0.01909050904214382,1.0,0.0,0.0,0.0,251.3075221553445
configs/pilots_and_audits/debug/debug_cost_mean_longrun_1m_new_critic.json,1,167104,high,4322.566970825195,29,30,27,128,8192,53.54362487792969,200.05939331054694,29.0,29.0,32.0,32.0,25.296875,25.0,2490.72216796875,2433.717041015625,1831.84521484375,1888.849853515625,1.4789001941680908,0.0,2.0,32,31,0.0,0.0003421347064431757,0.0,0.0078125,0.9921875,1.0,0.0,251.3075221553445
configs/pilots_and_audits/debug/debug_cost_mean_longrun_1m_new_critic.json,1,167104,high,4322.566970825195,45,30,27,128,8192,53.54362487792969,200.05939331054694,43.6015625,45.0,46.6015625,48.0,33.078125,33.0,3716.23828125,3758.592529296875,606.32861328125,563.9744262695312,22.19666290283203,0.0,18.0,48,39,63.18001556396481,0.005135064944624901,0.0,0.2578125,0.7421875,0.765625,0.0,251.3075221553445
configs/pilots_and_audits/debug/debug_cost_mean_longrun_1m_new_critic.json,1,167104,high,4322.566970825195,61,30,27,128,8192,53.54362487792969,200.05939331054694,50.859375,51.0,53.859375,54.0,36.1640625,36.5,4315.5927734375,4364.013671875,6.974366188049316,-41.446502685546875,80.13690185546875,41.446502685546875,24.0,64,48,247.2668716430664,0.018539192155003548,0.009588400833308697,0.828125,0.171875,0.2109375,0.0,251.3075221553445
configs/pilots_and_audits/debug/debug_cost_mean_longrun_1m_new_critic.json,1,167149,low,1090.0049419403076,29,10,7,128,8192,62.90679931640625,207.00511169433594,12.921875,13.0,15.921875,16.0,14.15625,14.0,1177.9913330078125,1157.1376953125,-87.9864501953125,-67.13282775878906,87.9864501953125,67.13282775878906,6.0,26,23,195.3216796875,0.08072114735841751,0.061589471995830536,1.0,0.0,0.0,0.0,285.27600875496864
configs/pilots_and_audits/debug/debug_cost_mean_longrun_1m_new_critic.json,1,167149,low,1090.0049419403076,45,10,7,128,8192,62.90679931640625,207.00511169433594,12.921875,13.0,15.921875,16.0,14.15625,14.0,1177.9913330078125,1157.1376953125,-87.9864501953125,-67.13282775878906,87.9864501953125,67.13282775878906,6.0,26,23,195.3216796875,0.08072114735841751,0.061589471995830536,1.0,0.0,0.0,0.0,285.27600875496864
configs/pilots_and_audits/debug/debug_cost_mean_longrun_1m_new_critic.json,1,167149,low,1090.0049419403076,61,10,7,128,8192,62.90679931640625,207.00511169433594,12.921875,13.0,15.921875,16.0,14.15625,14.0,1177.9913330078125,1157.1376953125,-87.9864501953125,-67.13282775878906,87.9864501953125,67.13282775878906,6.0,26,23,195.3216796875,0.08072114735841751,0.061589471995830536,1.0,0.0,0.0,0.0,285.27600875496864
configs/pilots_and_audits/debug/debug_cost_mean_longrun_1m_new_critic.json,1,167149,medium,2710.8908500671387,29,20,17,128,8192,62.90679931640625,207.00511169433594,27.34375,29.0,30.34375,32.0,24.3359375,25.0,2522.97412109375,2641.4775390625,187.9169921875,69.41340637207031,34.420501708984375,0.0,12.0,32,28,94.86547622680663,0.012697117403149605,0.0,0.453125,0.546875,0.609375,0.0,285.27600875496864
configs/pilots_and_audits/debug/debug_cost_mean_longrun_1m_new_critic.json,1,167149,medium,2710.8908500671387,45,20,17,128,8192,62.90679931640625,207.00511169433594,30.390625,30.0,33.390625,33.0,26.078125,26.0,2785.919921875,2767.10693359375,-75.02882385253906,-56.21586608886719,78.49099731445312,56.21586608886719,13.0,48,37,156.3630538940429,0.028953950852155685,0.020737044513225555,0.984375,0.015625,0.015625,0.0,285.27600875496864
configs/pilots_and_audits/debug/debug_cost_mean_longrun_1m_new_critic.json,1,167149,medium,2710.8908500671387,61,20,17,128,8192,62.90679931640625,207.00511169433594,30.453125,30.0,33.453125,33.0,26.09375,26.0,2789.630859375,2767.10693359375,-78.73975372314453,-56.21586608886719,78.73975372314453,56.21586608886719,13.0,53,38,156.3630538940429,0.0290457122027874,0.020737044513225555,1.0,0.0,0.0,0.0,285.27600875496864
configs/pilots_and_audits/debug/debug_cost_mean_longrun_1m_new_critic.json,1,167149,high,4322.566970825195,29,30,27,128,8192,62.90679931640625,207.00511169433594,29.0,29.0,32.0,32.0,25.4140625,26.0,2690.97119140625,2641.47705078125,1631.595458984375,1681.08984375,0.0,0.0,2.0,32,29,0.0,0.0,0.0,0.0,1.0,1.0,0.0,285.27600875496864
configs/pilots_and_audits/debug/debug_cost_mean_longrun_1m_new_critic.json,1,167149,high,4322.566970825195,45,30,27,128,8192,62.90679931640625,207.00511169433594,42.90625,45.0,45.90625,48.0,32.8671875,33.0,4000.62744140625,4114.7177734375,321.93927001953125,207.84915161132812,46.36197280883789,0.0,18.0,48,39,148.1781188964843,0.010725565254688263,0.0,0.390625,0.609375,0.65625,0.0,285.27600875496864
configs/pilots_and_audits/debug/debug_cost_mean_longrun_1m_new_critic.json,1,167149,high,4322.566970825195,61,30,27,128,8192,62.90679931640625,207.00511169433594,47.40625,48.0,50.40625,51.0,34.8984375,35.0,4405.00390625,4384.10009765625,-82.43659210205078,-61.533103942871094,97.93406677246094,61.533103942871094,21.0,64,43,210.62189483642578,0.022656461223959923,0.014235315844416618,0.953125,0.046875,0.046875,0.0,285.27600875496864
configs/pilots_and_audits/debug/debug_cost_mean_longrun_1m_new_critic.json,1,167152,low,1090.0049419403076,29,10,7,128,8192,140.548828125,325.2449462890625,7.53125,7.0,10.53125,10.0,9.8125,10.0,1210.4384765625,1167.8599853515625,-120.43368530273438,-77.8551025390625,120.43368530273438,77.8551025390625,0.0,16,14,291.93778686523433,0.1104891300201416,0.0714263841509819,1.0,0.0,0.0,0.0078125,489.66882210969925
configs/pilots_and_audits/debug/debug_cost_mean_longrun_1m_new_critic.json,1,167152,low,1090.0049419403076,45,10,7,128,8192,140.548828125,325.2449462890625,7.53125,7.0,10.53125,10.0,9.8125,10.0,1210.4384765625,1167.8599853515625,-120.43368530273438,-77.8551025390625,120.43368530273438,77.8551025390625,0.0,16,14,291.93778686523433,0.1104891300201416,0.0714263841509819,1.0,0.0,0.0,0.0078125,489.66882210969925
configs/pilots_and_audits/debug/debug_cost_mean_longrun_1m_new_critic.json,1,167152,low,1090.0049419403076,61,10,7,128,8192,140.548828125,325.2449462890625,7.53125,7.0,10.53125,10.0,9.8125,10.0,1210.4384765625,1167.8599853515625,-120.43368530273438,-77.8551025390625,120.43368530273438,77.8551025390625,0.0,16,14,291.93778686523433,0.1104891300201416,0.0714263841509819,1.0,0.0,0.0,0.0078125,489.66882210969925
configs/pilots_and_audits/debug/debug_cost_mean_longrun_1m_new_critic.json,1,167152,medium,2710.8908500671387,29,20,17,128,8192,140.548828125,325.2449462890625,17.46875,17.0,20.46875,20.0,17.6953125,18.0,2852.2197265625,2809.035888671875,-141.32876586914062,-98.1450424194336,141.32876586914062,98.1450424194336,0.0,31,27,318.8771301269531,0.052133698016405106,0.036203980445861816,1.0,0.0,0.0,0.0,489.66882210969925
configs/pilots_and_audits/debug/debug_cost_mean_longrun_1m_new_critic.json,1,167152,medium,2710.8908500671387,45,20,17,128,8192,140.548828125,325.2449462890625,17.46875,17.0,20.46875,20.0,17.6953125,18.0,2852.2197265625,2809.035888671875,-141.32876586914062,-98.1450424194336,141.32876586914062,98.1450424194336,0.0,31,27,318.8771301269531,0.052133698016405106,0.036203980445861816,1.0,0.0,0.0,0.0,489.66882210969925
configs/pilots_and_audits/debug/debug_cost_mean_longrun_1m_new_critic.json,1,167152,medium,2710.8908500671387,61,20,17,128,8192,140.548828125,325.2449462890625,17.46875,17.0,20.46875,20.0,17.6953125,18.0,2852.2197265625,2809.035888671875,-141.32876586914062,-98.1450424194336,141.32876586914062,98.1450424194336,0.0,31,27,318.8771301269531,0.052133698016405106,0.036203980445861816,1.0,0.0,0.0,0.0,489.66882210969925
configs/pilots_and_audits/debug/debug_cost_mean_longrun_1m_new_critic.json,1,167152,high,4322.566970825195,29,30,27,128,8192,140.548828125,325.2449462890625,26.0703125,27.0,29.0703125,30.0,23.578125,24.0,4318.7666015625,4397.8388671875,3.800060987472534,-75.27178955078125,118.82829284667969,75.27178955078125,0.0,32,30,255.54911804199216,0.027490215376019478,0.017413679510354996,0.78125,0.21875,0.328125,0.0,489.66882210969925
configs/pilots_and_audits/debug/debug_cost_mean_longrun_1m_new_critic.json,1,167152,high,4322.566970825195,45,30,27,128,8192,140.548828125,325.2449462890625,26.9921875,27.0,29.9921875,30.0,24.2109375,24.0,4469.498046875,4428.455078125,-146.9315185546875,-105.88783264160156,146.9315185546875,105.88783264160156,0.0,42,35,295.039404296875,0.033991727977991104,0.024496518075466156,1.0,0.0,0.0,0.0,489.66882210969925
configs/pilots_and_audits/debug/debug_cost_mean_longrun_1m_new_critic.json,1,167152,high,4322.566970825195,61,30,27,128,8192,140.548828125,325.2449462890625,26.9921875,27.0,29.9921875,30.0,24.2109375,24.0,4469.498046875,4428.455078125,-146.9315185546875,-105.88783264160156,146.9315185546875,105.88783264160156,0.0,42,35,295.039404296875,0.033991727977991104,0.024496518075466156,1.0,0.0,0.0,0.0,489.66882210969925
configs/pilots_and_audits/debug/debug_cost_mean_longrun_1m_new_critic.json,1,167161,low,1090.0049419403076,29,10,7,128,8192,71.59574890136719,192.27461547851564,12.0703125,12.0,15.0703125,15.0,13.4609375,14.0,1164.494384765625,1134.3583984375,-74.48953247070312,-44.35356140136719,74.48953247070312,44.35356140136719,5.0,23,19,183.13388061523435,0.06833872199058533,0.040691155940294266,1.0,0.0,0.0,0.0,280.03821644186974
configs/pilots_and_audits/debug/debug_cost_mean_longrun_1m_new_critic.json,1,167161,low,1090.0049419403076,45,10,7,128,8192,71.59574890136719,192.27461547851564,12.0703125,12.0,15.0703125,15.0,13.4609375,14.0,1164.494384765625,1134.3583984375,-74.48953247070312,-44.35356140136719,74.48953247070312,44.35356140136719,5.0,23,19,183.13388061523435,0.06833872199058533,0.040691155940294266,1.0,0.0,0.0,0.0,280.03821644186974
configs/pilots_and_audits/debug/debug_cost_mean_longrun_1m_new_critic.json,1,167161,low,1090.0049419403076,61,10,7,128,8192,71.59574890136719,192.27461547851564,12.0703125,12.0,15.0703125,15.0,13.4609375,14.0,1164.494384765625,1134.3583984375,-74.48953247070312,-44.35356140136719,74.48953247070312,44.35356140136719,5.0,23,19,183.13388061523435,0.06833872199058533,0.040691155940294266,1.0,0.0,0.0,0.0,280.03821644186974
configs/pilots_and_audits/debug/debug_cost_mean_longrun_1m_new_critic.json,1,167161,medium,2710.8908500671387,29,20,17,128,8192,71.59574890136719,192.27461547851564,26.984375,28.5,29.984375,31.5,23.9296875,24.0,2618.3525390625,2721.365234375,92.53821563720703,-10.474369049072266,43.24974060058594,10.474369049072266,11.5,32,29,119.34870452880858,0.015954066067934036,0.0038638105615973473,0.5625,0.4375,0.5,0.0,280.03821644186974
configs/pilots_and_audits/debug/debug_cost_mean_longrun_1m_new_critic.json,1,167161,medium,2710.8908500671387,45,20,17,128,8192,71.59574890136719,192.27461547851564,28.84375,28.5,31.84375,31.5,24.9765625,25.0,2787.0068359375,2764.1884765625,-76.11599731445312,-53.297813415527344,76.11599731445312,53.297813415527344,11.5,43,35,160.71108856201167,0.028077851980924606,0.019660625606775284,1.0,0.0,0.0,0.0,280.03821644186974
configs/pilots_and_audits/debug/debug_cost_mean_longrun_1m_new_critic.json,1,167161,medium,2710.8908500671387,61,20,17,128,8192,71.59574890136719,192.27461547851564,28.84375,28.5,31.84375,31.5,24.9765625,25.0,2787.0068359375,2764.1884765625,-76.11599731445312,-53.297813415527344,76.11599731445312,53.297813415527344,11.5,43,35,160.71108856201167,0.028077851980924606,0.019660625606775284,1.0,0.0,0.0,0.0,280.03821644186974
configs/pilots_and_audits/debug/debug_cost_mean_longrun_1m_new_critic.json,1,167161,high,4322.566970825195,29,30,27,128,8192,71.59574890136719,192.27461547851564,28.9921875,29.0,31.9921875,32.0,25.28125,25.5,2827.046875,2792.4833984375,1495.519775390625,1530.083740234375,2.235853672027588,0.0,2.0,32,30,0.0,0.0005172513192519546,0.0,0.015625,0.984375,0.9921875,0.0,280.03821644186974
configs/pilots_and_audits/debug/debug_cost_mean_longrun_1m_new_critic.json,1,167161,high,4322.566970825195,45,30,27,128,8192,71.59574890136719,192.27461547851564,42.609375,44.0,45.609375,47.0,32.7578125,33.0,4164.4482421875,4334.4599609375,158.11865234375,-11.892929077148438,51.812950134277344,11.892929077148438,17.0,48,38,176.9665740966797,0.011986616998910904,0.002751357853412628,0.5625,0.4375,0.4921875,0.0,280.03821644186974
configs/pilots_and_audits/debug/debug_cost_mean_longrun_1m_new_critic.json,1,167161,high,4322.566970825195,61,30,27,128,8192,71.59574890136719,192.27461547851564,45.3671875,44.0,48.3671875,47.0,33.9375,34.0,4399.6611328125,4369.2509765625,-77.09423828125,-46.68416213989258,79.43034362792969,46.68416213989258,17.0,64,42,219.70165252685547,0.018375735729932785,0.010800101794302464,0.984375,0.015625,0.015625,0.0,280.03821644186974
configs/pilots_and_audits/debug/debug_cost_mean_longrun_1m_new_critic.json,1,167168,low,1090.0049419403076,29,10,7,128,8192,83.9305419921875,236.10282592773464,10.2734375,10.0,13.2734375,13.0,12.0546875,12.0,1191.5015869140625,1152.668701171875,-101.49673461914062,-62.66374969482422,101.49673461914062,62.66374969482422,3.0,20,19,229.96808471679682,0.09311585873365402,0.05748942121863365,1.0,0.0,0.0,0.0,313.7586494386196
configs/pilots_and_audits/debug/debug_cost_mean_longrun_1m_new_critic.json,1,167168,low,1090.0049419403076,45,10,7,128,8192,83.9305419921875,236.10282592773464,10.2734375,10.0,13.2734375,13.0,12.0546875,12.0,1191.5015869140625,1152.668701171875,-101.49673461914062,-62.66374969482422,101.49673461914062,62.66374969482422,3.0,20,19,229.96808471679682,0.09311585873365402,0.05748942121863365,1.0,0.0,0.0,0.0,313.7586494386196
configs/pilots_and_audits/debug/debug_cost_mean_longrun_1m_new_critic.json,1,167168,low,1090.0049419403076,61,10,7,128,8192,83.9305419921875,236.10282592773464,10.2734375,10.0,13.2734375,13.0,12.0546875,12.0,1191.5015869140625,1152.668701171875,-101.49673461914062,-62.66374969482422,101.49673461914062,62.66374969482422,3.0,20,19,229.96808471679682,0.09311585873365402,0.05748942121863365,1.0,0.0,0.0,0.0,313.7586494386196
configs/pilots_and_audits/debug/debug_cost_mean_longrun_1m_new_critic.json,1,167168,medium,2710.8908500671387,29,20,17,128,8192,83.9305419921875,236.10282592773464,24.4765625,25.0,27.4765625,28.0,22.234375,23.0,2780.414306640625,2772.83935546875,-69.52333068847656,-61.9483642578125,91.11817169189453,61.9483642578125,8.0,32,28,219.66806488037108,0.03361188992857933,0.02285166271030903,0.90625,0.09375,0.15625,0.0,313.7586494386196
configs/pilots_and_audits/debug/debug_cost_mean_longrun_1m_new_critic.json,1,167168,medium,2710.8908500671387,45,20,17,128,8192,83.9305419921875,236.10282592773464,24.7734375,25.0,27.7734375,28.0,22.3984375,23.0,2812.01416015625,2785.13671875,-101.12335205078125,-74.24602508544922,101.12335205078125,74.24602508544922,8.0,38,31,223.3517639160156,0.03730262815952301,0.027388054877519608,1.0,0.0,0.0,0.0,313.7586494386196
configs/pilots_and_audits/debug/debug_cost_mean_longrun_1m_new_critic.json,1,167168,medium,2710.8908500671387,61,20,17,128,8192,83.9305419921875,236.10282592773464,24.7734375,25.0,27.7734375,28.0,22.3984375,23.0,2812.01416015625,2785.13671875,-101.12335205078125,-74.24602508544922,101.12335205078125,74.24602508544922,8.0,38,31,223.3517639160156,0.03730262815952301,0.027388054877519608,1.0,0.0,0.0,0.0,313.7586494386196
configs/pilots_and_audits/debug/debug_cost_mean_longrun_1m_new_critic.json,1,167168,high,4322.566970825195,29,30,27,128,8192,83.9305419921875,236.10282592773464,28.828125,29.0,31.828125,32.0,25.0859375,25.0,3307.130859375,3204.544677734375,1015.436279296875,1118.022216796875,12.001150131225586,0.0,2.0,32,30,0.0,0.0027763943653553724,0.0,0.078125,0.921875,0.9375,0.0,313.7586494386196
configs/pilots_and_audits/debug/debug_cost_mean_longrun_1m_new_critic.json,1,167168,high,4322.566970825195,45,30,27,128,8192,83.9305419921875,236.10282592773464,38.3203125,39.0,41.3203125,42.0,30.3828125,31.0,4393.751953125,4375.583984375,-71.18486022949219,-53.01675796508789,99.52153015136719,53.01675796508789,12.0,48,41,295.4893188476562,0.023023709654808044,0.012265109457075596,0.8671875,0.1328125,0.1484375,0.0,313.7586494386196
configs/pilots_and_audits/debug/debug_cost_mean_longrun_1m_new_critic.json,1,167168,high,4322.566970825195,61,30,27,128,8192,83.9305419921875,236.10282592773464,38.671875,39.0,41.671875,42.0,30.5859375,31.0,4429.30322265625,4384.734375,-106.7360610961914,-62.16759490966797,106.7360610961914,62.16759490966797,12.0,55,42,295.4893188476562,0.024692751467227936,0.014382101595401764,1.0,0.0,0.0,0.0,313.7586494386196
configs/pilots_and_audits/debug/debug_cost_mean_longrun_1m_new_critic.json,1,167181,low,1090.0049419403076,29,10,7,128,8192,70.30795288085938,220.85136108398453,11.5234375,11.5,14.5234375,14.5,13.1171875,13.0,1179.319580078125,1143.6812744140625,-89.31471252441406,-53.676387786865234,89.31471252441406,53.676387786865234,4.5,20,19,232.5887481689453,0.08193973451852798,0.049244172871112823,1.0,0.0,0.0,0.0,315.5851868391037
configs/pilots_and_audits/debug/debug_cost_mean_longrun_1m_new_critic.json,1,167181,low,1090.0049419403076,45,10,7,128,8192,70.30795288085938,220.85136108398453,11.5234375,11.5,14.5234375,14.5,13.1171875,13.0,1179.319580078125,1143.6812744140625,-89.31471252441406,-53.676387786865234,89.31471252441406,53.676387786865234,4.5,20,19,232.5887481689453,0.08193973451852798,0.049244172871112823,1.0,0.0,0.0,0.0,315.5851868391037
configs/pilots_and_audits/debug/debug_cost_mean_longrun_1m_new_critic.json,1,167181,low,1090.0049419403076,61,10,7,128,8192,70.30795288085938,220.85136108398453,11.5234375,11.5,14.5234375,14.5,13.1171875,13.0,1179.319580078125,1143.6812744140625,-89.31471252441406,-53.676387786865234,89.31471252441406,53.676387786865234,4.5,20,19,232.5887481689453,0.08193973451852798,0.049244172871112823,1.0,0.0,0.0,0.0,315.5851868391037
configs/pilots_and_audits/debug/debug_cost_mean_longrun_1m_new_critic.json,1,167181,medium,2710.8908500671387,29,20,17,128,8192,70.30795288085938,220.85136108398453,26.0,27.0,29.0,30.0,23.6953125,24.0,2724.13671875,2740.43115234375,-13.24591064453125,-29.540477752685547,83.71791076660156,29.540477752685547,10.0,32,30,256.39888305664056,0.03088206611573696,0.010896963067352772,0.6953125,0.3046875,0.375,0.0,315.5851868391037
configs/pilots_and_audits/debug/debug_cost_mean_longrun_1m_new_critic.json,1,167181,medium,2710.8908500671387,45,20,17,128,8192,70.30795288085938,220.85136108398453,27.046875,27.0,30.046875,30.0,24.1953125,25.0,2826.150634765625,2778.8212890625,-115.25968170166016,-67.93031311035156,115.25968170166016,67.93031311035156,10.0,42,32,308.36803283691404,0.042517270892858505,0.02505829744040966,1.0,0.0,0.0,0.0,315.5851868391037
configs/pilots_and_audits/debug/debug_cost_mean_longrun_1m_new_critic.json,1,167181,medium,2710.8908500671387,61,20,17,128,8192,70.30795288085938,220.85136108398453,27.046875,27.0,30.046875,30.0,24.1953125,25.0,2826.150634765625,2778.8212890625,-115.25968170166016,-67.93031311035156,115.25968170166016,67.93031311035156,10.0,42,32,308.36803283691404,0.042517270892858505,0.02505829744040966,1.0,0.0,0.0,0.0,315.5851868391037
configs/pilots_and_audits/debug/debug_cost_mean_longrun_1m_new_critic.json,1,167181,high,4322.566970825195,29,30,27,128,8192,70.30795288085938,220.85136108398453,28.984375,29.0,31.984375,32.0,25.6328125,26.0,3057.18701171875,3023.188720703125,1265.3798828125,1299.378173828125,2.060093879699707,0.0,2.0,32,31,0.0,0.0004765904159285128,0.0,0.0234375,0.9765625,0.9921875,0.0,315.5851868391037
configs/pilots_and_audits/debug/debug_cost_mean_longrun_1m_new_critic.json,1,167181,high,4322.566970825195,45,30,27,128,8192,70.30795288085938,220.85136108398453,40.8984375,42.0,43.8984375,45.0,32.0703125,32.0,4258.5537109375,4344.2470703125,64.01298522949219,-21.680431365966797,58.28278350830078,21.680431365966797,15.0,48,39,140.33986816406244,0.013483373448252678,0.0050156377255916595,0.671875,0.328125,0.40625,0.0,315.5851868391037
configs/pilots_and_audits/debug/debug_cost_mean_longrun_1m_new_critic.json,1,167181,high,4322.566970825195,61,30,27,128,8192,70.30795288085938,220.85136108398453,42.4921875,42.0,45.4921875,45.0,32.78125,33.0,4403.7138671875,4378.890625,-81.14661407470703,-56.32411575317383,81.14661407470703,56.32411575317383,15.0,59,41,175.21839752197263,0.018772784620523453,0.013030247762799263,1.0,0.0,0.0,0.0,315.5851868391037
configs/pilots_and_audits/debug/debug_cost_mean_longrun_1m_new_critic.json,1,167184,low,1090.0049419403076,29,10,7,128,8192,80.08737182617188,220.05791931152348,10.625,11.0,13.625,14.0,12.3359375,12.0,1189.86328125,1153.6961669921875,-99.85840606689453,-63.69126892089844,99.85840606689453,63.69126892089844,4.0,19,17,262.68251342773436,0.0916128009557724,0.058432094752788544,1.0,0.0,0.0,0.0,337.03243041038513
configs/pilots_and_audits/debug/debug_cost_mean_longrun_1m_new_critic.json,1,167184,low,1090.0049419403076,45,10,7,128,8192,80.08737182617188,220.05791931152348,10.625,11.0,13.625,14.0,12.3359375,12.0,1189.86328125,1153.6961669921875,-99.85840606689453,-63.69126892089844,99.85840606689453,63.69126892089844,4.0,19,17,262.68251342773436,0.0916128009557724,0.058432094752788544,1.0,0.0,0.0,0.0,337.03243041038513
configs/pilots_and_audits/debug/debug_cost_mean_longrun_1m_new_critic.json,1,167184,low,1090.0049419403076,61,10,7,128,8192,80.08737182617188,220.05791931152348,10.625,11.0,13.625,14.0,12.3359375,12.0,1189.86328125,1153.6961669921875,-99.85840606689453,-63.69126892089844,99.85840606689453,63.69126892089844,4.0,19,17,262.68251342773436,0.0916128009557724,0.058432094752788544,1.0,0.0,0.0,0.0,337.03243041038513
configs/pilots_and_audits/debug/debug_cost_mean_longrun_1m_new_critic.json,1,167184,medium,2710.8908500671387,29,20,17,128,8192,80.08737182617188,220.05791931152348,24.578125,25.0,27.578125,28.0,22.453125,23.0,2789.88232421875,2765.817626953125,-78.99147033691406,-54.92681884765625,98.5654296875,54.92681884765625,8.0,32,29,245.5796936035156,0.03635905310511589,0.02026153728365898,0.875,0.125,0.1640625,0.0,337.03243041038513
configs/pilots_and_audits/debug/debug_cost_mean_longrun_1m_new_critic.json,1,167184,medium,2710.8908500671387,45,20,17,128,8192,80.08737182617188,220.05791931152348,24.8984375,25.0,27.8984375,28.0,22.6484375,23.0,2820.03125,2781.99658203125,-109.1407241821289,-71.10562896728516,109.1407241821289,71.10562896728516,8.0,39,29,245.5796936035156,0.04026009142398834,0.0262296162545681,1.0,0.0,0.0,0.0,337.03243041038513
configs/pilots_and_audits/debug/debug_cost_mean_longrun_1m_new_critic.json,1,167184,medium,2710.8908500671387,61,20,17,128,8192,80.08737182617188,220.05791931152348,24.8984375,25.0,27.8984375,28.0,22.6484375,23.0,2820.03125,2781.99658203125,-109.1407241821289,-71.10562896728516,109.1407241821289,71.10562896728516,8.0,39,29,245.5796936035156,0.04026009142398834,0.0262296162545681,1.0,0.0,0.0,0.0,337.03243041038513
configs/pilots_and_audits/debug/debug_cost_mean_longrun_1m_new_critic.json,1,167184,high,4322.566970825195,29,30,27,128,8192,80.08737182617188,220.05791931152348,28.921875,29.0,31.921875,32.0,25.2109375,25.0,3300.3173828125,3245.941162109375,1022.24951171875,1076.625732421875,5.040004730224609,0.0,2.0,32,30,0.0,0.001165974885225296,0.0,0.03125,0.96875,0.9765625,0.0,337.03243041038513
configs/pilots_and_audits/debug/debug_cost_mean_longrun_1m_new_critic.json,1,167184,high,4322.566970825195,45,30,27,128,8192,80.08737182617188,220.05791931152348,38.625,39.0,41.625,42.0,30.4375,30.0,4378.78271484375,4375.0859375,-56.21575164794922,-52.519287109375,92.38013458251953,52.519287109375,12.0,48,38,222.7386260986328,0.021371591836214066,0.012150023132562637,0.8828125,0.1171875,0.15625,0.0,337.03243041038513
configs/pilots_and_audits/debug/debug_cost_mean_longrun_1m_new_critic.json,1,167184,high,4322.566970825195,61,30,27,128,8192,80.08737182617188,220.05791931152348,39.109375,39.0,42.109375,42.0,30.640625,30.0,4423.61181640625,4383.98193359375,-101.04533386230469,-61.415130615234375,101.04533386230469,61.415130615234375,12.0,58,38,223.89893341064453,0.023376233875751495,0.014208023436367512,1.0,0.0,0.0,0.0,337.03243041038513
configs/pilots_and_audits/debug/debug_cost_mean_longrun_1m_new_critic.json,1,167185,low,1090.0049419403076,29,10,7,128,8192,580.2107543945312,925.4018981933596,2.6640625,2.0,5.6640625,5.0,5.4375,5.0,1436.4942626953125,1422.2340087890625,-346.4893798828125,-332.22918701171875,346.4893798828125,332.22918701171875,-5.0,8,8,638.1374999999999,0.31787875294685364,0.304796040058136,1.0,0.0,0.0,0.0390625,1615.6586729586124
configs/pilots_and_audits/debug/debug_cost_mean_longrun_1m_new_critic.json,1,167185,low,1090.0049419403076,45,10,7,128,8192,580.2107543945312,925.4018981933596,2.6640625,2.0,5.6640625,5.0,5.4375,5.0,1436.4942626953125,1422.2340087890625,-346.4893798828125,-332.22918701171875,346.4893798828125,332.22918701171875,-5.0,8,8,638.1374999999999,0.31787875294685364,0.304796040058136,1.0,0.0,0.0,0.0390625,1615.6586729586124
configs/pilots_and_audits/debug/debug_cost_mean_longrun_1m_new_critic.json,1,167185,low,1090.0049419403076,61,10,7,128,8192,580.2107543945312,925.4018981933596,2.6640625,2.0,5.6640625,5.0,5.4375,5.0,1436.4942626953125,1422.2340087890625,-346.4893798828125,-332.22918701171875,346.4893798828125,332.22918701171875,-5.0,8,8,638.1374999999999,0.31787875294685364,0.304796040058136,1.0,0.0,0.0,0.0390625,1615.6586729586124
configs/pilots_and_audits/debug/debug_cost_mean_longrun_1m_new_critic.json,1,167185,medium,2710.8908500671387,29,20,17,128,8192,580.2107543945312,925.4018981933596,5.546875,5.0,8.546875,8.0,8.0390625,8.0,3060.16357421875,3025.539794921875,-349.2725830078125,-314.6488952636719,349.2725830078125,314.6488952636719,-12.0,12,12,668.0949157714844,0.12884052097797394,0.11606845259666443,1.0,0.0,0.0,0.0,1615.6586729586124
configs/pilots_and_audits/debug/debug_cost_mean_longrun_1m_new_critic.json,1,167185,medium,2710.8908500671387,45,20,17,128,8192,580.2107543945312,925.4018981933596,5.546875,5.0,8.546875,8.0,8.0390625,8.0,3060.16357421875,3025.539794921875,-349.2725830078125,-314.6488952636719,349.2725830078125,314.6488952636719,-12.0,12,12,668.0949157714844,0.12884052097797394,0.11606845259666443,1.0,0.0,0.0,0.0,1615.6586729586124
configs/pilots_and_audits/debug/debug_cost_mean_longrun_1m_new_critic.json,1,167185,medium,2710.8908500671387,61,20,17,128,8192,580.2107543945312,925.4018981933596,5.546875,5.0,8.546875,8.0,8.0390625,8.0,3060.16357421875,3025.539794921875,-349.2725830078125,-314.6488952636719,349.2725830078125,314.6488952636719,-12.0,12,12,668.0949157714844,0.12884052097797394,0.11606845259666443,1.0,0.0,0.0,0.0,1615.6586729586124
configs/pilots_and_audits/debug/debug_cost_mean_longrun_1m_new_critic.json,1,167185,high,4322.566970825195,29,30,27,128,8192,580.2107543945312,925.4018981933596,8.578125,8.5,11.578125,11.5,10.609375,10.5,4682.0087890625,4634.119140625,-359.44195556640625,-311.5521545410156,359.44195556640625,311.5521545410156,-18.5,16,15,738.4710083007811,0.08315475285053253,0.0720757246017456,1.0,0.0,0.0,0.0,1615.6586729586124
configs/pilots_and_audits/debug/debug_cost_mean_longrun_1m_new_critic.json,1,167185,high,4322.566970825195,45,30,27,128,8192,580.2107543945312,925.4018981933596,8.578125,8.5,11.578125,11.5,10.609375,10.5,4682.0087890625,4634.119140625,-359.44195556640625,-311.5521545410156,359.44195556640625,311.5521545410156,-18.5,16,15,738.4710083007811,0.08315475285053253,0.0720757246017456,1.0,0.0,0.0,0.0,1615.6586729586124
configs/pilots_and_audits/debug/debug_cost_mean_longrun_1m_new_critic.json,1,167185,high,4322.566970825195,61,30,27,128,8192,580.2107543945312,925.4018981933596,8.578125,8.5,11.578125,11.5,10.609375,10.5,4682.0087890625,4634.119140625,-359.44195556640625,-311.5521545410156,359.44195556640625,311.5521545410156,-18.5,16,15,738.4710083007811,0.08315475285053253,0.0720757246017456,1.0,0.0,0.0,0.0,1615.6586729586124
configs/pilots_and_audits/debug/debug_cost_mean_longrun_1m_new_critic.json,1,167190,low,1090.0049419403076,29,10,7,128,8192,76.66255950927734,248.75109558105473,10.140625,10.0,13.140625,13.0,11.875,12.0,1177.93212890625,1141.3253173828125,-87.92727661132812,-51.320396423339844,87.92727661132812,51.320396423339844,3.0,22,19,194.73200836181633,0.08066685497760773,0.047082722187042236,1.0,0.0,0.0,0.0,352.17523354291916
configs/pilots_and_audits/debug/debug_cost_mean_longrun_1m_new_critic.json,1,167190,low,1090.0049419403076,45,10,7,128,8192,76.66255950927734,248.75109558105473,10.140625,10.0,13.140625,13.0,11.875,12.0,1177.93212890625,1141.3253173828125,-87.92727661132812,-51.320396423339844,87.92727661132812,51.320396423339844,3.0,22,19,194.73200836181633,0.08066685497760773,0.047082722187042236,1.0,0.0,0.0,0.0,352.17523354291916
configs/pilots_and_audits/debug/debug_cost_mean_longrun_1m_new_critic.json,1,167190,low,1090.0049419403076,61,10,7,128,8192,76.66255950927734,248.75109558105473,10.140625,10.0,13.140625,13.0,11.875,12.0,1177.93212890625,1141.3253173828125,-87.92727661132812,-51.320396423339844,87.92727661132812,51.320396423339844,3.0,22,19,194.73200836181633,0.08066685497760773,0.047082722187042236,1.0,0.0,0.0,0.0,352.17523354291916
configs/pilots_and_audits/debug/debug_cost_mean_longrun_1m_new_critic.json,1,167190,medium,2710.8908500671387,29,20,17,128,8192,76.66255950927734,248.75109558105473,23.671875,24.0,26.671875,27.0,21.8125,22.0,2757.623291015625,2759.52001953125,-46.73233413696289,-48.629188537597656,88.27301025390625,48.629188537597656,7.0,32,29,245.15258941650382,0.03256236016750336,0.01793845370411873,0.8515625,0.1484375,0.21875,0.0,352.17523354291916
configs/pilots_and_audits/debug/debug_cost_mean_longrun_1m_new_critic.json,1,167190,medium,2710.8908500671387,45,20,17,128,8192,76.66255950927734,248.75109558105473,24.25,24.0,27.25,27.0,22.1640625,22.0,2810.60107421875,2769.5908203125,-99.71007537841797,-58.70010757446289,99.71007537841797,58.70010757446289,7.0,44,31,245.15258941650382,0.03678129240870476,0.021653439849615097,1.0,0.0,0.0,0.0,352.17523354291916
configs/pilots_and_audits/debug/debug_cost_mean_longrun_1m_new_critic.json,1,167190,medium,2710.8908500671387,61,20,17,128,8192,76.66255950927734,248.75109558105473,24.25,24.0,27.25,27.0,22.1640625,22.0,2810.60107421875,2769.5908203125,-99.71007537841797,-58.70010757446289,99.71007537841797,58.70010757446289,7.0,44,31,245.15258941650382,0.03678129240870476,0.021653439849615097,1.0,0.0,0.0,0.0,352.17523354291916
configs/pilots_and_audits/debug/debug_cost_mean_longrun_1m_new_critic.json,1,167190,high,4322.566970825195,29,30,27,128,8192,76.66255950927734,248.75109558105473,28.59375,29.0,31.59375,32.0,25.15625,25.5,3416.43017578125,3441.4990234375,906.1365356445312,881.06787109375,16.90595054626465,0.0,2.0,32,30,0.0,0.003911090549081564,0.0,0.09375,0.90625,0.921875,0.0,352.17523354291916
configs/pilots_and_audits/debug/debug_cost_mean_longrun_1m_new_critic.json,1,167190,high,4322.566970825195,45,30,27,128,8192,76.66255950927734,248.75109558105473,37.0078125,37.0,40.0078125,40.0,29.953125,31.0,4377.8134765625,4380.9345703125,-55.246673583984375,-58.36796569824219,108.07373046875,58.36796569824219,10.0,48,39,277.2873168945312,0.025002211332321167,0.013503080233931541,0.8671875,0.1328125,0.1875,0.0,352.17523354291916
configs/pilots_and_audits/debug/debug_cost_mean_longrun_1m_new_critic.json,1,167190,high,4322.566970825195,61,30,27,128,8192,76.66255950927734,248.75109558105473,37.609375,37.0,40.609375,40.0,30.203125,31.0,4443.97900390625,4397.8115234375,-121.41193389892578,-75.24443054199219,121.41193389892578,75.24443054199219,10.0,60,42,283.8636810302734,0.028087925165891647,0.01740734837949276,1.0,0.0,0.0,0.0,352.17523354291916
configs/pilots_and_audits/debug/debug_cost_mean_longrun_1m_new_critic.json,1,167200,low,1090.0049419403076,29,10,7,128,8192,198.475830078125,540.8898742675783,4.6328125,5.0,7.6328125,8.0,7.2890625,7.0,1455.588134765625,1285.5609130859375,-365.583251953125,-195.55599975585938,365.583251953125,195.55599975585938,-2.0,11,11,928.0733947753905,0.3353959619998932,0.17940837144851685,1.0,0.0,0.0,0.015625,892.8560085892677
configs/pilots_and_audits/debug/debug_cost_mean_longrun_1m_new_critic.json,1,167200,low,1090.0049419403076,45,10,7,128,8192,198.475830078125,540.8898742675783,4.6328125,5.0,7.6328125,8.0,7.2890625,7.0,1455.588134765625,1285.5609130859375,-365.583251953125,-195.55599975585938,365.583251953125,195.55599975585938,-2.0,11,11,928.0733947753905,0.3353959619998932,0.17940837144851685,1.0,0.0,0.0,0.015625,892.8560085892677
configs/pilots_and_audits/debug/debug_cost_mean_longrun_1m_new_critic.json,1,167200,low,1090.0049419403076,61,10,7,128,8192,198.475830078125,540.8898742675783,4.6328125,5.0,7.6328125,8.0,7.2890625,7.0,1455.588134765625,1285.5609130859375,-365.583251953125,-195.55599975585938,365.583251953125,195.55599975585938,-2.0,11,11,928.0733947753905,0.3353959619998932,0.17940837144851685,1.0,0.0,0.0,0.015625,892.8560085892677
configs/pilots_and_audits/debug/debug_cost_mean_longrun_1m_new_critic.json,1,167200,medium,2710.8908500671387,29,20,17,128,8192,198.475830078125,540.8898742675783,10.1484375,10.5,13.1484375,13.5,12.0703125,12.0,2998.96435546875,2858.505126953125,-288.07366943359375,-147.61424255371094,288.07366943359375,147.61424255371094,-6.5,19,17,600.9379150390624,0.10626530647277832,0.05445230007171631,1.0,0.0,0.0,0.0,892.8560085892677
configs/pilots_and_audits/debug/debug_cost_mean_longrun_1m_new_critic.json,1,167200,medium,2710.8908500671387,45,20,17,128,8192,198.475830078125,540.8898742675783,10.1484375,10.5,13.1484375,13.5,12.0703125,12.0,2998.96435546875,2858.505126953125,-288.07366943359375,-147.61424255371094,288.07366943359375,147.61424255371094,-6.5,19,17,600.9379150390624,0.10626530647277832,0.05445230007171631,1.0,0.0,0.0,0.0,892.8560085892677
configs/pilots_and_audits/debug/debug_cost_mean_longrun_1m_new_critic.json,1,167200,medium,2710.8908500671387,61,20,17,128,8192,198.475830078125,540.8898742675783,10.1484375,10.5,13.1484375,13.5,12.0703125,12.0,2998.96435546875,2858.505126953125,-288.07366943359375,-147.61424255371094,288.07366943359375,147.61424255371094,-6.5,19,17,600.9379150390624,0.10626530647277832,0.05445230007171631,1.0,0.0,0.0,0.0,892.8560085892677
configs/pilots_and_audits/debug/debug_cost_mean_longrun_1m_new_critic.json,1,167200,high,4322.566970825195,29,30,27,128,8192,198.475830078125,540.8898742675783,15.90625,16.0,18.90625,19.0,16.546875,17.0,4725.845703125,4506.1181640625,-403.2786865234375,-183.5509033203125,403.2786865234375,183.5509033203125,-11.0,26,22,936.3612426757807,0.0932961106300354,0.042463403195142746,1.0,0.0,0.0,0.0,892.8560085892677
configs/pilots_and_audits/debug/debug_cost_mean_longrun_1m_new_critic.json,1,167200,high,4322.566970825195,45,30,27,128,8192,198.475830078125,540.8898742675783,15.90625,16.0,18.90625,19.0,16.546875,17.0,4725.845703125,4506.1181640625,-403.2786865234375,-183.5509033203125,403.2786865234375,183.5509033203125,-11.0,26,22,936.3612426757807,0.0932961106300354,0.042463403195142746,1.0,0.0,0.0,0.0,892.8560085892677
configs/pilots_and_audits/debug/debug_cost_mean_longrun_1m_new_critic.json,1,167200,high,4322.566970825195,61,30,27,128,8192,198.475830078125,540.8898742675783,15.90625,16.0,18.90625,19.0,16.546875,17.0,4725.845703125,4506.1181640625,-403.2786865234375,-183.5509033203125,403.2786865234375,183.5509033203125,-11.0,26,22,936.3612426757807,0.0932961106300354,0.042463403195142746,1.0,0.0,0.0,0.0,892.8560085892677
configs/pilots_and_audits/debug/debug_cost_mean_longrun_1m_new_critic.json,1,167201,low,1090.0049419403076,29,10,7,128,8192,172.5045166015625,494.32449340820364,5.265625,5.0,8.265625,8.0,7.6953125,8.0,1369.231689453125,1225.10205078125,-279.2268981933594,-135.0970916748047,279.2268981933594,135.0970916748047,-2.0,13,12,758.61865234375,0.2561703324317932,0.12394172698259354,1.0,0.0,0.0,0.0390625,749.9907621741295
configs/pilots_and_audits/debug/debug_cost_mean_longrun_1m_new_critic.json,1,167201,low,1090.0049419403076,45,10,7,128,8192,172.5045166015625,494.32449340820364,5.265625,5.0,8.265625,8.0,7.6953125,8.0,1369.231689453125,1225.10205078125,-279.2268981933594,-135.0970916748047,279.2268981933594,135.0970916748047,-2.0,13,12,758.61865234375,0.2561703324317932,0.12394172698259354,1.0,0.0,0.0,0.0390625,749.9907621741295
configs/pilots_and_audits/debug/debug_cost_mean_longrun_1m_new_critic.json,1,167201,low,1090.0049419403076,61,10,7,128,8192,172.5045166015625,494.32449340820364,5.265625,5.0,8.265625,8.0,7.6953125,8.0,1369.231689453125,1225.10205078125,-279.2268981933594,-135.0970916748047,279.2268981933594,135.0970916748047,-2.0,13,12,758.61865234375,0.2561703324317932,0.12394172698259354,1.0,0.0,0.0,0.0390625,749.9907621741295
configs/pilots_and_audits/debug/debug_cost_mean_longrun_1m_new_critic.json,1,167201,medium,2710.8908500671387,29,20,17,128,8192,172.5045166015625,494.32449340820364,11.765625,12.0,14.765625,15.0,13.171875,13.0,2999.04931640625,2872.6025390625,-288.1583251953125,-161.71144104003906,288.1583251953125,161.71144104003906,-5.0,22,20,735.6181457519531,0.10629654675722122,0.059652507305145264,1.0,0.0,0.0,0.0,749.9907621741295
configs/pilots_and_audits/debug/debug_cost_mean_longrun_1m_new_critic.json,1,167201,medium,2710.8908500671387,45,20,17,128,8192,172.5045166015625,494.32449340820364,11.765625,12.0,14.765625,15.0,13.171875,13.0,2999.04931640625,2872.6025390625,-288.1583251953125,-161.71144104003906,288.1583251953125,161.71144104003906,-5.0,22,20,735.6181457519531,0.10629654675722122,0.059652507305145264,1.0,0.0,0.0,0.0,749.9907621741295
configs/pilots_and_audits/debug/debug_cost_mean_longrun_1m_new_critic.json,1,167201,medium,2710.8908500671387,61,20,17,128,8192,172.5045166015625,494.32449340820364,11.765625,12.0,14.765625,15.0,13.171875,13.0,2999.04931640625,2872.6025390625,-288.1583251953125,-161.71144104003906,288.1583251953125,161.71144104003906,-5.0,22,20,735.6181457519531,0.10629654675722122,0.059652507305145264,1.0,0.0,0.0,0.0,749.9907621741295
configs/pilots_and_audits/debug/debug_cost_mean_longrun_1m_new_critic.json,1,167201,high,4322.566970825195,29,30,27,128,8192,172.5045166015625,494.32449340820364,17.9375,18.0,20.9375,21.0,17.6015625,18.0,4604.43994140625,4467.8359375,-281.87286376953125,-145.26939392089844,281.87286376953125,145.26939392089844,-9.0,31,26,752.5094970703125,0.06520960479974747,0.033607207238674164,1.0,0.0,0.0,0.0,749.9907621741295
configs/pilots_and_audits/debug/debug_cost_mean_longrun_1m_new_critic.json,1,167201,high,4322.566970825195,45,30,27,128,8192,172.5045166015625,494.32449340820364,17.9375,18.0,20.9375,21.0,17.6015625,18.0,4604.43994140625,4467.8359375,-281.87286376953125,-145.26939392089844,281.87286376953125,145.26939392089844,-9.0,31,26,752.5094970703125,0.06520960479974747,0.033607207238674164,1.0,0.0,0.0,0.0,749.9907621741295
configs/pilots_and_audits/debug/debug_cost_mean_longrun_1m_new_critic.json,1,167201,high,4322.566970825195,61,30,27,128,8192,172.5045166015625,494.32449340820364,17.9375,18.0,20.9375,21.0,17.6015625,18.0,4604.43994140625,4467.8359375,-281.87286376953125,-145.26939392089844,281.87286376953125,145.26939392089844,-9.0,31,26,752.5094970703125,0.06520960479974747,0.033607207238674164,1.0,0.0,0.0,0.0,749.9907621741295
configs/pilots_and_audits/debug/debug_cost_mean_longrun_1m_new_critic.json,1,168329,low,1090.0049419403076,29,10,7,128,8192,195.57394409179688,530.4259094238288,4.7265625,5.0,7.7265625,8.0,7.453125,8.0,1360.642822265625,1242.79345703125,-270.6378173828125,-152.7884521484375,270.6378173828125,152.7884521484375,-2.0,11,11,576.7682617187498,0.24829044938087463,0.14017227292060852,1.0,0.0,0.0,0.015625,857.8292654752731
configs/pilots_and_audits/debug/debug_cost_mean_longrun_1m_new_critic.json,1,168329,low,1090.0049419403076,45,10,7,128,8192,195.57394409179688,530.4259094238288,4.7265625,5.0,7.7265625,8.0,7.453125,8.0,1360.642822265625,1242.79345703125,-270.6378173828125,-152.7884521484375,270.6378173828125,152.7884521484375,-2.0,11,11,576.7682617187498,0.24829044938087463,0.14017227292060852,1.0,0.0,0.0,0.015625,857.8292654752731
configs/pilots_and_audits/debug/debug_cost_mean_longrun_1m_new_critic.json,1,168329,low,1090.0049419403076,61,10,7,128,8192,195.57394409179688,530.4259094238288,4.7265625,5.0,7.7265625,8.0,7.453125,8.0,1360.642822265625,1242.79345703125,-270.6378173828125,-152.7884521484375,270.6378173828125,152.7884521484375,-2.0,11,11,576.7682617187498,0.24829044938087463,0.14017227292060852,1.0,0.0,0.0,0.015625,857.8292654752731
configs/pilots_and_audits/debug/debug_cost_mean_longrun_1m_new_critic.json,1,168329,medium,2710.8908500671387,29,20,17,128,8192,195.57394409179688,530.4259094238288,10.7578125,11.0,13.7578125,14.0,12.5,12.0,2943.348388671875,2846.52783203125,-232.45762634277344,-135.63710021972656,232.45762634277344,135.63710021972656,-6.0,20,17,524.4619628906249,0.0857495367527008,0.05003414303064346,1.0,0.0,0.0,0.0,857.8292654752731
configs/pilots_and_audits/debug/debug_cost_mean_longrun_1m_new_critic.json,1,168329,medium,2710.8908500671387,45,20,17,128,8192,195.57394409179688,530.4259094238288,10.7578125,11.0,13.7578125,14.0,12.5,12.0,2943.348388671875,2846.52783203125,-232.45762634277344,-135.63710021972656,232.45762634277344,135.63710021972656,-6.0,20,17,524.4619628906249,0.0857495367527008,0.05003414303064346,1.0,0.0,0.0,0.0,857.8292654752731
configs/pilots_and_audits/debug/debug_cost_mean_longrun_1m_new_critic.json,1,168329,medium,2710.8908500671387,61,20,17,128,8192,195.57394409179688,530.4259094238288,10.7578125,11.0,13.7578125,14.0,12.5,12.0,2943.348388671875,2846.52783203125,-232.45762634277344,-135.63710021972656,232.45762634277344,135.63710021972656,-6.0,20,17,524.4619628906249,0.0857495367527008,0.05003414303064346,1.0,0.0,0.0,0.0,857.8292654752731
configs/pilots_and_audits/debug/debug_cost_mean_longrun_1m_new_critic.json,1,168329,high,4322.566970825195,29,30,27,128,8192,195.57394409179688,530.4259094238288,16.5859375,17.0,19.5859375,20.0,16.9765625,17.5,4603.1640625,4481.1708984375,-280.59686279296875,-158.60394287109375,280.59686279296875,158.60394287109375,-10.0,27,23,623.0428710937499,0.06491439789533615,0.03669207543134689,1.0,0.0,0.0,0.0,857.8292654752731
configs/pilots_and_audits/debug/debug_cost_mean_longrun_1m_new_critic.json,1,168329,high,4322.566970825195,45,30,27,128,8192,195.57394409179688,530.4259094238288,16.5859375,17.0,19.5859375,20.0,16.9765625,17.5,4603.1640625,4481.1708984375,-280.59686279296875,-158.60394287109375,280.59686279296875,158.60394287109375,-10.0,27,23,623.0428710937499,0.06491439789533615,0.03669207543134689,1.0,0.0,0.0,0.0,857.8292654752731
configs/pilots_and_audits/debug/debug_cost_mean_longrun_1m_new_critic.json,1,168329,high,4322.566970825195,61,30,27,128,8192,195.57394409179688,530.4259094238288,16.5859375,17.0,19.5859375,20.0,16.9765625,17.5,4603.1640625,4481.1708984375,-280.59686279296875,-158.60394287109375,280.59686279296875,158.60394287109375,-10.0,27,23,623.0428710937499,0.06491439789533615,0.03669207543134689,1.0,0.0,0.0,0.0,857.8292654752731
configs/pilots_and_audits/debug/debug_cost_mean_longrun_1m_new_critic.json,1,168330,low,1090.0049419403076,29,10,7,128,8192,181.19973754882812,557.1206665039064,4.9765625,5.0,7.9765625,8.0,7.546875,8.0,1572.5986328125,1260.6107177734375,-482.59381103515625,-170.60581970214844,482.59381103515625,170.60581970214844,-2.0,13,12,1246.1739868164063,0.4427446126937866,0.15651839971542358,1.0,0.0,0.0,0.046875,955.8521432876587
configs/pilots_and_audits/debug/debug_cost_mean_longrun_1m_new_critic.json,1,168330,low,1090.0049419403076,45,10,7,128,8192,181.19973754882812,557.1206665039064,4.9765625,5.0,7.9765625,8.0,7.546875,8.0,1572.5986328125,1260.6107177734375,-482.59381103515625,-170.60581970214844,482.59381103515625,170.60581970214844,-2.0,13,12,1246.1739868164063,0.4427446126937866,0.15651839971542358,1.0,0.0,0.0,0.046875,955.8521432876587
configs/pilots_and_audits/debug/debug_cost_mean_longrun_1m_new_critic.json,1,168330,low,1090.0049419403076,61,10,7,128,8192,181.19973754882812,557.1206665039064,4.9765625,5.0,7.9765625,8.0,7.546875,8.0,1572.5986328125,1260.6107177734375,-482.59381103515625,-170.60581970214844,482.59381103515625,170.60581970214844,-2.0,13,12,1246.1739868164063,0.4427446126937866,0.15651839971542358,1.0,0.0,0.0,0.046875,955.8521432876587
configs/pilots_and_audits/debug/debug_cost_mean_longrun_1m_new_critic.json,1,168330,medium,2710.8908500671387,29,20,17,128,8192,181.19973754882812,557.1206665039064,10.3125,10.0,13.3125,13.0,12.0703125,12.0,3145.150634765625,2887.24365234375,-434.2596435546875,-176.35284423828125,434.2596435546875,176.35284423828125,-7.0,22,20,1199.9990112304686,0.16019076108932495,0.06505346298217773,1.0,0.0,0.0,0.0078125,955.8521432876587
configs/pilots_and_audits/debug/debug_cost_mean_longrun_1m_new_critic.json,1,168330,medium,2710.8908500671387,45,20,17,128,8192,181.19973754882812,557.1206665039064,10.3125,10.0,13.3125,13.0,12.0703125,12.0,3145.150634765625,2887.24365234375,-434.2596435546875,-176.35284423828125,434.2596435546875,176.35284423828125,-7.0,22,20,1199.9990112304686,0.16019076108932495,0.06505346298217773,1.0,0.0,0.0,0.0078125,955.8521432876587
configs/pilots_and_audits/debug/debug_cost_mean_longrun_1m_new_critic.json,1,168330,medium,2710.8908500671387,61,20,17,128,8192,181.19973754882812,557.1206665039064,10.3125,10.0,13.3125,13.0,12.0703125,12.0,3145.150634765625,2887.24365234375,-434.2596435546875,-176.35284423828125,434.2596435546875,176.35284423828125,-7.0,22,20,1199.9990112304686,0.16019076108932495,0.06505346298217773,1.0,0.0,0.0,0.0078125,955.8521432876587
configs/pilots_and_audits/debug/debug_cost_mean_longrun_1m_new_critic.json,1,168330,high,4322.566970825195,29,30,27,128,8192,181.19973754882812,557.1206665039064,15.8515625,16.0,18.8515625,19.0,16.2265625,17.0,4746.67626953125,4492.59375,-424.1095886230469,-170.02664184570312,424.1095886230469,170.02664184570312,-11.0,32,26,1099.6341796875,0.0981152206659317,0.03933464735746384,1.0,0.0,0.015625,0.0,955.8521432876587
configs/pilots_and_audits/debug/debug_cost_mean_longrun_1m_new_critic.json,1,168330,high,4322.566970825195,45,30,27,128,8192,181.19973754882812,557.1206665039064,15.8515625,16.0,18.8515625,19.0,16.2265625,17.0,4746.67626953125,4492.59375,-424.1095886230469,-170.02664184570312,424.1095886230469,170.02664184570312,-11.0,32,26,1099.6341796875,0.0981152206659317,0.03933464735746384,1.0,0.0,0.0,0.0,955.8521432876587
configs/pilots_and_audits/debug/debug_cost_mean_longrun_1m_new_critic.json,1,168330,high,4322.566970825195,61,30,27,128,8192,181.19973754882812,557.1206665039064,15.8515625,16.0,18.8515625,19.0,16.2265625,17.0,4746.67626953125,4492.59375,-424.1095886230469,-170.02664184570312,424.1095886230469,170.02664184570312,-11.0,32,26,1099.6341796875,0.0981152206659317,0.03933464735746384,1.0,0.0,0.0,0.0,955.8521432876587
