episode_index,lane,step_count,method,return,episode_length,regret,best_value,best_oracle_value,ground_truth,budget_used,remaining_budget,budget_overshoot
0,76,7,random,7.6866865158081055,7,0.0004588961601257324,1.0,0.9940431118011475,0.9945020079612732,5441.4736328125,-441.4736328125,441.4736328125
1,162,8,random,27.63102149963379,8,0.0,0.9902932643890381,0.9957433342933655,0.9957433342933655,6901.962890625,-1901.962646484375,1901.962646484375
2,0,10,random,6.6920552253723145,10,0.0012407302856445312,1.0,0.9941076040267944,0.995348334312439,5282.08837890625,-282.0885009765625,282.0885009765625
3,3,10,random,5.643028259277344,10,0.0035421252250671387,0.9799089431762695,0.9902507662773132,0.9937928915023804,5048.34912109375,-48.349212646484375,48.349212646484375
4,59,10,random,4.572354793548584,10,0.010333597660064697,0.9757436513900757,0.9827694892883301,0.9931030869483948,5258.197265625,-258.1971435546875,258.1971435546875
5,174,10,random,3.7708003520965576,10,0.023033618927001953,0.964637041091919,0.9717757701873779,0.9948093891143799,7715.34228515625,-2715.34228515625,2715.34228515625
6,196,10,random,4.322086334228516,10,0.01327216625213623,0.984276294708252,0.9820724725723267,0.9953446388244629,5023.7392578125,-23.739471435546875,23.739471435546875
7,237,10,random,5.8578267097473145,10,0.0028574466705322266,0.9757611751556396,0.9854950904846191,0.9883525371551514,6078.33447265625,-1078.33447265625,1078.33447265625
8,221,11,random,3.1288676261901855,11,0.043767333030700684,0.9526662230491638,0.9508447051048279,0.9946120381355286,5713.57470703125,-713.57470703125,713.57470703125
9,53,12,random,4.9169840812683105,12,0.007321178913116455,0.9842689633369446,0.9876627922058105,0.994983971118927,5166.84716796875,-166.84722900390625,166.84722900390625
10,55,12,random,6.051577568054199,12,0.002354145050048828,1.0,0.9925539493560791,0.9949080944061279,5000.2568359375,-0.2570343017578125,0.2570343017578125
11,111,12,random,6.067451477050781,12,0.002317070960998535,1.0,0.9913468956947327,0.9936639666557312,5339.248046875,-339.2479248046875,339.2479248046875
12,145,12,random,4.551519870758057,12,0.010551154613494873,0.9835890531539917,0.9836208820343018,0.9941720366477966,5126.5048828125,-126.50507354736328,126.50507354736328
13,31,13,random,4.119779109954834,13,0.016248106956481934,0.9925230145454407,0.9776281714439392,0.9938762784004211,5264.19677734375,-264.1968688964844,264.1968688964844
14,60,13,random,5.419302940368652,13,0.004430234432220459,0.9925734400749207,0.9912447333335876,0.9956749677658081,5157.91162109375,-157.91163635253906,157.91163635253906
15,104,13,random,5.880548477172852,13,0.002793252468109131,1.0,0.9921451807022095,0.9949384331703186,5122.580078125,-122.57989501953125,122.57989501953125
16,109,13,random,4.8059000968933105,13,0.008181333541870117,0.9988560080528259,0.9860703945159912,0.9942517280578613,5916.4521484375,-916.4522705078125,916.4522705078125
17,161,13,random,4.707475185394287,13,0.009027540683746338,0.9801413416862488,0.9840074181556702,0.9930349588394165,5020.25634765625,-20.2564697265625,20.2564697265625
18,178,13,random,5.351932048797607,13,0.004738986492156982,1.0,0.9898806810379028,0.9946196675300598,5119.30859375,-119.30841064453125,119.30841064453125
19,200,13,random,4.260100841522217,13,0.014120876789093018,0.9744927883148193,0.9806050062179565,0.9947258830070496,5266.66650390625,-266.66644287109375,266.66644287109375
20,4,14,random,27.63102149963379,14,0.0,0.9915768504142761,0.9932319521903992,0.9932319521903992,6194.98486328125,-1194.98486328125,1194.98486328125
21,47,14,random,5.833327770233154,14,0.002928316593170166,0.9936866164207458,0.9916040897369385,0.9945324063301086,6302.70703125,-1302.707275390625,1302.707275390625
22,74,14,random,27.63102149963379,14,0.0,1.0,0.9951509833335876,0.9951509833335876,5056.11328125,-56.113494873046875,56.113494873046875
23,102,14,random,5.69178581237793,14,0.003373563289642334,1.0,0.9919824004173279,0.9953559637069702,5510.61767578125,-510.6175842285156,510.6175842285156
24,130,14,random,4.335764408111572,14,0.013091862201690674,0.9919121861457825,0.9822185635566711,0.9953104257583618,5105.6728515625,-105.67308044433594,105.67308044433594
25,207,14,random,4.5999040603637695,14,0.010052800178527832,0.9943574666976929,0.9775647521018982,0.987617552280426,5084.92041015625,-84.92059326171875,84.92059326171875
26,211,14,random,5.366310119628906,14,0.004671335220336914,0.9921410083770752,0.9892087578773499,0.9938800930976868,5091.47900390625,-91.47921752929688,91.47921752929688
27,18,15,random,6.812495708465576,15,0.0010999441146850586,0.9982589483261108,0.9937245845794678,0.9948245286941528,5563.80224609375,-563.8020629882812,563.8020629882812
28,27,15,random,5.106113433837891,15,0.006059587001800537,1.0,0.9860628247261047,0.9921224117279053,5098.056640625,-98.05682373046875,98.05682373046875
29,66,15,random,5.691608905792236,15,0.003374159336090088,0.9949436187744141,0.9921602606773376,0.9955344200134277,5221.95849609375,-221.95843505859375,221.95843505859375
30,73,15,random,4.993114948272705,15,0.006784498691558838,0.9795618057250977,0.9885373115539551,0.9953218102455139,5059.2109375,-59.21080017089844,59.21080017089844
31,86,15,random,27.63102149963379,15,0.0,0.9935746788978577,0.9952876567840576,0.9952876567840576,5081.3203125,-81.32048034667969,81.32048034667969
32,127,15,random,3.751255989074707,15,0.023488223552703857,0.9764470458030701,0.9715830087661743,0.9950712323188782,5183.6513671875,-183.65115356445312,183.65115356445312
33,166,15,random,27.63102149963379,15,0.0,0.9883645176887512,0.9938800930976868,0.9938800930976868,5107.73046875,-107.73056030273438,107.73056030273438
34,202,15,random,4.487051963806152,15,0.011253774166107178,0.9863684773445129,0.9830282330513,0.9942820072174072,5098.2392578125,-98.23937225341797,98.23937225341797
35,239,15,random,4.487926006317139,15,0.011243939399719238,0.9842442274093628,0.9838272929191589,0.9950712323188782,5236.1044921875,-236.1045379638672,236.1045379638672
36,52,16,random,5.9632568359375,16,0.0025715231895446777,1.0,0.9929705262184143,0.995542049407959,5040.93408203125,-40.93415069580078,40.93415069580078
37,79,16,random,27.63102149963379,16,0.0,0.9964429140090942,0.994983971118927,0.994983971118927,5184.646484375,-184.6466064453125,184.6466064453125
38,97,16,random,5.4289960861206055,16,0.004387497901916504,1.0,0.9910330176353455,0.995420515537262,5158.10302734375,-158.10296630859375,158.10296630859375
39,118,16,random,6.03361177444458,16,0.002396821975708008,0.9961183071136475,0.9929781556129456,0.9953749775886536,5049.14990234375,-49.149932861328125,49.149932861328125
40,120,16,random,4.59117317199707,16,0.010140955448150635,0.9889360070228577,0.9842889904975891,0.9944299459457397,5060.20654296875,-60.20646667480469,60.20646667480469
41,139,16,random,4.691837787628174,16,0.009169816970825195,0.9711850881576538,0.9866874814033508,0.995857298374176,5043.03369140625,-43.03392028808594,43.03392028808594
42,149,16,random,6.464233875274658,16,0.0015581846237182617,0.9965044856071472,0.9930273294448853,0.9945855140686035,5139.49072265625,-139.49050903320312,139.49050903320312
43,150,16,random,27.63102149963379,16,0.0,0.996026873588562,0.9925539493560791,0.9925539493560791,5204.32666015625,-204.32662963867188,204.32662963867188
44,151,16,random,5.20161771774292,16,0.00550764799118042,0.9963582158088684,0.9902281165122986,0.995735764503479,5298.66064453125,-298.66082763671875,298.66082763671875
45,171,16,random,27.63102149963379,16,0.0,1.0,0.9959713220596313,0.9959713220596313,5142.18603515625,-142.18621826171875,142.18621826171875
46,218,16,random,4.213683128356934,16,0.014791786670684814,0.9784510135650635,0.9782772660255432,0.993069052696228,5064.130859375,-64.13093566894531,64.13093566894531
47,234,16,random,5.871964454650879,16,0.0028173327445983887,1.0,0.992584228515625,0.9954015612602234,5231.4814453125,-231.48138427734375,231.48138427734375
48,248,16,random,27.63102149963379,16,0.0,0.992729902267456,0.9945476055145264,0.9945476055145264,5070.58447265625,-70.58438110351562,70.58438110351562
49,252,16,random,5.877480506896973,16,0.002801835536956787,1.0,0.9911578297615051,0.9939596652984619,5041.5380859375,-41.53826904296875,41.53826904296875
50,254,16,random,5.587344169616699,16,0.003744959831237793,0.995324969291687,0.9907684326171875,0.9945133924484253,5037.71240234375,-37.712440490722656,37.712440490722656
51,17,17,random,27.63102149963379,17,0.0,1.0,0.9947183132171631,0.9947183132171631,5204.37890625,-204.37913513183594,204.37913513183594
52,23,17,random,4.698941707611084,17,0.009104907512664795,0.9826095104217529,0.9858297109603882,0.994934618473053,6474.45703125,-1474.4569091796875,1474.4569091796875
53,35,17,random,27.63102149963379,17,0.0,1.0,0.9938421845436096,0.9938421845436096,5001.7958984375,-1.7960662841796875,1.7960662841796875
54,40,17,random,4.3969926834106445,17,0.012314319610595703,0.9878449440002441,0.9816529750823975,0.9939672946929932,5146.52587890625,-146.52593994140625,146.52593994140625
55,51,17,random,6.8553996086120605,17,0.0010537505149841309,0.9950829744338989,0.9931751489639282,0.9942288994789124,5125.232421875,-125.23246765136719,125.23246765136719
56,54,17,random,27.63102149963379,17,0.0,1.0,0.9947866201400757,0.9947866201400757,5243.630859375,-243.63095092773438,243.63095092773438
57,117,17,random,27.63102149963379,17,0.0,1.0,0.9947941303253174,0.9947941303253174,5152.40576171875,-152.40554809570312,152.40554809570312
58,131,17,random,6.455739498138428,17,0.0015714764595031738,1.0,0.9918650984764099,0.9934365749359131,5560.4052734375,-560.4052124023438,560.4052124023438
59,132,17,random,27.63102149963379,17,0.0,1.0,0.9947183132171631,0.9947183132171631,5005.2470703125,-5.247215270996094,5.247215270996094
60,136,17,random,5.451847553253174,17,0.004288375377655029,0.9879906177520752,0.9874594211578369,0.9917477965354919,5151.486328125,-151.4861297607422,151.4861297607422
61,142,17,random,27.63102149963379,17,0.0,1.0,0.9958155155181885,0.9958155155181885,5010.9814453125,-10.9813232421875,10.9813232421875
62,147,17,random,6.037998199462891,17,0.002386331558227539,1.0,0.9901978969573975,0.992584228515625,5167.46728515625,-167.4671630859375,167.4671630859375
63,152,17,random,27.63102149963379,17,0.0,1.0,0.9953066110610962,0.9953066110610962,5084.7236328125,-84.72366333007812,84.72366333007812
64,165,17,random,5.662741184234619,17,0.0034729838371276855,0.9904872179031372,0.9921716451644897,0.9956446290016174,5317.10302734375,-317.10321044921875,317.10321044921875
65,204,17,random,6.0639848709106445,17,0.002325117588043213,1.0,0.9915359616279602,0.9938610792160034,5657.9775390625,-657.9774169921875,657.9774169921875
66,246,17,random,5.296175003051758,17,0.005010724067687988,1.0,0.9895937442779541,0.9946044683456421,5125.6318359375,-125.632080078125,125.632080078125
67,249,17,random,27.63102149963379,17,0.0,0.9915585517883301,0.9941720366477966,0.9941720366477966,5371.7724609375,-371.77227783203125,371.77227783203125
68,13,18,random,27.63102149963379,18,0.0,1.0,0.9948093891143799,0.9948093891143799,6210.42919921875,-1210.42919921875,1210.42919921875
69,41,18,random,27.63102149963379,18,0.0,0.9953710436820984,0.994934618473053,0.994934618473053,5470.7578125,-470.75762939453125,470.75762939453125
70,70,18,random,27.63102149963379,18,0.0,0.985088586807251,0.9946613907814026,0.9946613907814026,5179.28515625,-179.28536987304688,179.28536987304688
71,71,18,random,5.584118843078613,18,0.0037570595741271973,0.9868168830871582,0.9899599552154541,0.9937170147895813,5509.61083984375,-509.61065673828125,509.61065673828125
72,94,18,random,4.284407615661621,18,0.01378178596496582,0.9805420637130737,0.9770092964172363,0.9907910823822021,5961.064453125,-961.064697265625,961.064697265625
73,137,18,random,6.487139701843262,18,0.0015228986740112305,0.9835556149482727,0.9873953461647034,0.9889182448387146,5013.10107421875,-13.10089111328125,13.10089111328125
74,140,18,random,6.430201053619385,18,0.0016121268272399902,0.9915767908096313,0.9912145137786865,0.9928266406059265,5022.07421875,-22.074172973632812,22.074172973632812
75,154,18,random,6.855965614318848,18,0.001053154468536377,0.9969403743743896,0.9890276193618774,0.9900807738304138,6574.51171875,-1574.511962890625,1574.511962890625
76,159,18,random,2.973687171936035,18,0.05111449956893921,0.9522533416748047,0.9438087344169617,0.9949232339859009,5107.19921875,-107.19915771484375,107.19915771484375
77,164,18,random,5.512956619262695,18,0.004034161567687988,1.0,0.989118218421936,0.993152379989624,5240.19482421875,-240.19461059570312,240.19461059570312
78,173,18,random,6.906517028808594,18,0.0010012388229370117,0.9856556057929993,0.9937360286712646,0.9947372674942017,5926.40185546875,-926.4017333984375,926.4017333984375
79,203,18,random,3.553813934326172,18,0.028615295886993408,0.9662026762962341,0.9642795324325562,0.9928948283195496,5176.90185546875,-176.90176391601562,176.90176391601562
80,225,18,random,4.471047401428223,18,0.011435329914093018,0.9945187568664551,0.9816791415214539,0.9931144714355469,5132.66748046875,-132.66757202148438,132.66757202148438
81,226,18,random,4.366546154022217,18,0.012695014476776123,0.986228346824646,0.9820612072944641,0.9947562217712402,5766.4150390625,-766.4152221679688,766.4152221679688
82,233,18,random,5.934357643127441,18,0.002646923065185547,0.9761634469032288,0.9899335503578186,0.9925804734230042,5214.46728515625,-214.46722412109375,214.46722412109375
83,238,18,random,5.471682071685791,18,0.004204154014587402,0.996024489402771,0.986329972743988,0.9905341267585754,5147.69189453125,-147.6917266845703,147.6917266845703
84,245,18,random,6.7234320640563965,18,0.001202404499053955,0.9964389204978943,0.993705689907074,0.9949080944061279,5011.2529296875,-11.253005981445312,11.253005981445312
85,250,18,random,5.011673927307129,18,0.006659746170043945,0.9875736236572266,0.9858071208000183,0.9924668669700623,5099.4609375,-99.46112060546875,99.46112060546875
86,14,19,random,4.344057559967041,19,0.012983739376068115,0.9773009419441223,0.9812186360359192,0.9942023754119873,5102.046875,-102.0469970703125,102.0469970703125
87,34,19,random,4.5283522605896,19,0.010798454284667969,0.9766817092895508,0.9830019474029541,0.9938004016876221,5228.69580078125,-228.6958465576172,228.6958465576172
88,38,19,random,4.839535236358643,19,0.007910728454589844,0.9980258345603943,0.9844805002212524,0.9923912286758423,5215.43115234375,-215.4310302734375,215.4310302734375
89,48,19,random,4.2644877433776855,19,0.014059066772460938,0.9844939708709717,0.9815855622291565,0.9956446290016174,5091.224609375,-91.22447204589844,91.22447204589844
90,50,19,random,4.3293023109436035,19,0.01317673921585083,0.9867943525314331,0.9783706068992615,0.9915473461151123,6943.94775390625,-1943.9476318359375,1943.9476318359375
91,58,19,random,7.421498775482178,19,0.0005982518196105957,1.0,0.9922548532485962,0.9928531050682068,5201.75439453125,-201.75448608398438,201.75448608398438
92,95,19,random,6.921088695526123,19,0.0009867548942565918,1.0,0.994388222694397,0.9953749775886536,5078.431640625,-78.43142700195312,78.43142700195312
93,108,19,random,5.53473424911499,19,0.003947257995605469,0.9956963658332825,0.9910822510719299,0.9950295090675354,5142.22705078125,-142.22711181640625,142.22711181640625
94,129,19,random,27.63102149963379,19,0.0,0.9947291016578674,0.9938989877700806,0.9938989877700806,5081.55078125,-81.55081176757812,81.55081176757812
95,148,19,random,4.818790435791016,19,0.00807654857635498,0.9914746880531311,0.9825595617294312,0.9906361103057861,5255.35791015625,-255.35797119140625,255.35797119140625
96,176,19,random,5.066368103027344,19,0.006305277347564697,0.9833239912986755,0.9889937043190002,0.9952989816665649,5290.28955078125,-290.2893981933594,290.2893981933594
97,183,19,random,7.379358768463135,19,0.0006240010261535645,1.0,0.991025447845459,0.9916494488716125,5122.22021484375,-122.22024536132812,122.22024536132812
98,185,19,random,6.337876796722412,19,0.0017680525779724121,1.0,0.9936752915382385,0.9954433441162109,5005.56884765625,-5.56890869140625,5.56890869140625
99,187,19,random,27.63102149963379,19,0.0,1.0,0.9949421882629395,0.9949421882629395,5049.072265625,-49.07225036621094,49.07225036621094
100,209,19,random,4.887479305267334,19,0.007540404796600342,1.0,0.9850590229034424,0.9925994277000427,5352.20458984375,-352.2046203613281,352.2046203613281
101,222,19,random,7.621328353881836,19,0.0004898905754089355,0.9966679811477661,0.9952762722969055,0.9957661628723145,5024.7919921875,-24.792068481445312,24.792068481445312
102,227,19,random,6.822188377380371,19,0.001089334487915039,0.9766699075698853,0.994437575340271,0.995526909828186,5491.728515625,-491.7286071777344,491.7286071777344
103,231,19,random,4.953201770782471,19,0.0070607662200927734,0.9913864135742188,0.9884015917778015,0.9954623579978943,5303.6943359375,-303.6942443847656,303.6942443847656
104,232,19,random,4.627471923828125,19,0.00977945327758789,0.9872021079063416,0.9845480918884277,0.9943275451660156,5314.6845703125,-314.68438720703125,314.68438720703125
105,7,20,random,6.131122589111328,20,0.0021741390228271484,0.9950037002563477,0.9918386340141296,0.9940127730369568,5193.3291015625,-193.3290557861328,193.3290557861328
106,8,20,random,27.63102149963379,20,0.0,0.9957871437072754,0.9935502409934998,0.9935502409934998,6600.6943359375,-1600.694091796875,1600.694091796875
107,10,20,random,6.635599136352539,20,0.0013127923011779785,1.0,0.9939444661140442,0.9952572584152222,5962.11474609375,-962.1148681640625,962.1148681640625
108,25,20,random,4.416607856750488,20,0.01207512617111206,0.9868620038032532,0.9803993105888367,0.9924744367599487,5281.81396484375,-281.81396484375,281.81396484375
109,36,20,random,7.253678798675537,20,0.0007075667381286621,0.9991500377655029,0.991494357585907,0.9922019243240356,5094.88818359375,-94.88807678222656,94.88807678222656
110,49,20,random,6.463430881500244,20,0.001559436321258545,1.0,0.9938800930976868,0.9954395294189453,5668.228515625,-668.228515625,668.228515625
111,56,20,random,27.63102149963379,20,0.0,0.9947546720504761,0.9956066012382507,0.9956066012382507,5159.3359375,-159.33604431152344,159.33604431152344
112,78,20,random,27.63102149963379,20,0.0,1.0,0.9956673979759216,0.9956673979759216,5255.58984375,-255.58993530273438,255.58993530273438
113,84,20,random,27.63102149963379,20,0.0,0.9889234900474548,0.9925691485404968,0.9925691485404968,5057.36669921875,-57.366737365722656,57.366737365722656
114,89,20,random,4.9821062088012695,20,0.00685960054397583,0.991767406463623,0.9878587126731873,0.9947183132171631,5654.4150390625,-654.4152221679688,654.4152221679688
115,91,20,random,5.9229607582092285,20,0.0026772618293762207,1.0,0.992735743522644,0.9954130053520203,6113.20263671875,-1113.20263671875,1113.20263671875
116,92,20,random,4.671085357666016,20,0.009362101554870605,0.9846446514129639,0.9833395481109619,0.9927016496658325,5638.29052734375,-638.29052734375,638.29052734375
117,143,20,random,5.097719192504883,20,0.006110668182373047,0.9943298697471619,0.9888201355934143,0.9949308037757874,5025.58642578125,-25.58648681640625,25.58648681640625
118,146,20,random,4.6465277671813965,20,0.009594857692718506,1.0,0.9842889904975891,0.9938838481903076,5016.6455078125,-16.645721435546875,16.645721435546875
119,179,20,random,4.476871013641357,20,0.011368930339813232,0.9924444556236267,0.9824845790863037,0.9938535094261169,5054.2685546875,-54.26854705810547,54.26854705810547
120,180,20,random,4.655338287353516,20,0.009510695934295654,0.9689459800720215,0.9854010939598083,0.994911789894104,5042.60205078125,-42.6021728515625,42.6021728515625
121,189,20,random,4.3098297119140625,20,0.013435840606689453,0.9963551163673401,0.9818252325057983,0.9952610731124878,5078.5625,-78.562255859375,78.562255859375
122,210,20,random,27.63102149963379,20,0.0,1.0,0.9955344200134277,0.9955344200134277,5145.77978515625,-145.77957153320312,145.77957153320312
123,216,20,random,27.63102149963379,20,0.0,1.0,0.9941226840019226,0.9941226840019226,5059.29541015625,-59.29545593261719,59.29545593261719
124,217,20,random,7.929704189300537,20,0.0003598928451538086,0.9903599619865417,0.99281907081604,0.9931789636611938,5135.1142578125,-135.11422729492188,135.11422729492188
125,219,20,random,4.975722312927246,20,0.006903529167175293,1.0,0.9838573336601257,0.990760862827301,5006.29345703125,-6.2935028076171875,6.2935028076171875
126,230,20,random,27.63102149963379,20,0.0,1.0,0.9948093891143799,0.9948093891143799,5027.4365234375,-27.436355590820312,27.436355590820312
127,243,20,random,5.061690330505371,20,0.006334841251373291,0.9937353730201721,0.9888540506362915,0.9951888918876648,6058.4833984375,-1058.483642578125,1058.483642578125
128,247,20,random,4.573087692260742,20,0.010326027870178223,0.9893295168876648,0.9842063784599304,0.9945324063301086,5034.3515625,-34.35145568847656,34.35145568847656
129,1,21,random,5.2372212409973145,21,0.005315005779266357,1.0,0.9904207587242126,0.995735764503479,5041.9501953125,-41.9501953125,41.9501953125
130,9,21,random,6.671467304229736,21,0.0012665390968322754,1.0,0.9934593439102173,0.9947258830070496,5217.33056640625,-217.33078002929688,217.33078002929688
131,15,21,random,8.340483665466309,21,0.00023865699768066406,0.9997038245201111,0.9930311441421509,0.9932698011398315,5218.3359375,-218.33575439453125,218.33575439453125
132,19,21,random,4.108170032501221,21,0.016437828540802002,0.9730679392814636,0.9751624464988708,0.9916002750396729,5082.814453125,-82.81460571289062,82.81460571289062
133,20,21,random,6.095653057098389,21,0.002252638339996338,1.0,0.9930463433265686,0.9952989816665649,5147.54150390625,-147.54164123535156,147.54164123535156
134,24,21,random,27.63102149963379,21,0.0,1.0,0.9944033622741699,0.9944033622741699,5187.87255859375,-187.87278747558594,187.87278747558594
135,26,21,random,27.63102149963379,21,0.0,0.996307373046875,0.9940544962882996,0.9940544962882996,5119.607421875,-119.607666015625,119.607666015625
136,28,21,random,5.998331546783447,21,0.002482891082763672,0.9970646500587463,0.9924896359443665,0.9949725270271301,5200.0166015625,-200.016845703125,200.016845703125
137,33,21,random,27.63102149963379,21,0.0,1.0,0.9953218102455139,0.9953218102455139,7244.6669921875,-2244.6669921875,2244.6669921875
138,44,21,random,4.362712860107422,21,0.012743771076202393,1.0,0.9823085069656372,0.9950522780418396,5111.2373046875,-111.23739624023438,111.23739624023438
139,46,21,random,27.63102149963379,21,0.0,1.0,0.9953673481941223,0.9953673481941223,5089.87451171875,-89.87435913085938,89.87435913085938
140,62,21,random,6.44765567779541,21,0.0015842318534851074,1.0,0.9927660226821899,0.994350254535675,5303.1064453125,-303.106689453125,303.106689453125
141,63,21,random,5.215325355529785,21,0.0054326653480529785,1.0,0.989714503288269,0.995147168636322,5501.37060546875,-501.37060546875,501.37060546875
142,85,21,random,5.602660655975342,21,0.003688037395477295,0.9892243146896362,0.9907722473144531,0.9944602847099304,7074.8369140625,-2074.837158203125,2074.837158203125
143,87,21,random,4.934096336364746,21,0.007196962833404541,0.9932255148887634,0.9795432090759277,0.9867401719093323,5010.25244140625,-10.252639770507812,10.252639770507812
144,90,21,random,5.021061420440674,21,0.0065975189208984375,0.9989507794380188,0.988394021987915,0.9949915409088135,6689.6044921875,-1689.604248046875,1689.604248046875
145,96,21,random,5.826026439666748,21,0.0029497742652893066,0.9901478886604309,0.992440402507782,0.9953901767730713,5538.787109375,-538.787353515625,538.787353515625
146,105,21,random,4.949141025543213,21,0.007089495658874512,1.0,0.987636387348175,0.9947258830070496,5433.1513671875,-433.1515808105469,433.1515808105469
147,106,21,random,5.5825653076171875,21,0.0037629008293151855,1.0,0.9904850125312805,0.9942479133605957,5023.365234375,-23.365478515625,23.365478515625
148,113,21,random,6.72115421295166,21,0.001205146312713623,1.0,0.9928341507911682,0.9940392971038818,5393.86474609375,-393.86480712890625,393.86480712890625
149,121,21,random,8.164382934570312,21,0.00028461217880249023,0.9849922060966492,0.9949080944061279,0.9951927065849304,6550.0478515625,-1550.047607421875,1550.047607421875
150,141,21,random,6.81912899017334,21,0.001092672348022461,1.0,0.9940506815910339,0.9951433539390564,5169.55517578125,-169.55494689941406,169.55494689941406
151,163,21,random,7.199252128601074,21,0.0007471442222595215,0.998054563999176,0.993838369846344,0.9945855140686035,5099.361328125,-99.3614501953125,99.3614501953125
152,168,21,random,4.412759780883789,21,0.01212167739868164,0.9848699569702148,0.9829382300376892,0.9950599074363708,5061.33935546875,-61.339141845703125,61.339141845703125
153,169,21,random,4.686244010925293,21,0.009221255779266357,0.9999657273292542,0.9852807521820068,0.9945020079612732,5148.177734375,-148.1776123046875,148.1776123046875
154,181,21,random,4.797968864440918,21,0.00824648141860962,0.9718871116638184,0.9847922325134277,0.9930387139320374,5087.853515625,-87.85333251953125,87.85333251953125
155,192,21,random,5.575273513793945,21,0.003790438175201416,0.992183268070221,0.9887597560882568,0.9925501942634583,5225.8955078125,-225.89547729492188,225.89547729492188
156,201,21,random,27.63102149963379,21,0.0,0.9993485808372498,0.9924782514572144,0.9924782514572144,5042.66455078125,-42.664520263671875,42.664520263671875
157,228,21,random,27.63102149963379,21,0.0,1.0,0.9953179955482483,0.9953179955482483,5117.52197265625,-117.52175903320312,117.52175903320312
158,251,21,random,4.41120719909668,21,0.012140512466430664,0.9927383065223694,0.9826195240020752,0.9947600364685059,5405.31689453125,-405.3166809082031,405.3166809082031
159,253,21,random,5.646940231323242,21,0.003528296947479248,1.0,0.9917137622833252,0.9952420592308044,5210.61083984375,-210.61105346679688,210.61105346679688
160,2,22,random,27.63102149963379,22,0.0,0.9805859327316284,0.994528591632843,0.994528591632843,5078.31494140625,-78.31515502929688,78.31515502929688
161,37,22,random,27.63102149963379,22,0.0,1.0,0.9936829209327698,0.9936829209327698,5254.52490234375,-254.52479553222656,254.52479553222656
162,43,22,random,4.699380397796631,22,0.009100914001464844,0.9935988783836365,0.985389769077301,0.9944906830787659,5278.80810546875,-278.80810546875,278.80810546875
163,57,22,random,4.949267387390137,22,0.007088601589202881,0.989021897315979,0.9875234365463257,0.9946120381355286,5268.94921875,-268.948974609375,268.948974609375
164,77,22,random,7.068286895751953,22,0.0008516907691955566,1.0,0.9920127391815186,0.9928644299507141,5017.55712890625,-17.557296752929688,17.557296752929688
165,81,22,random,6.533112049102783,22,0.001454472541809082,1.0,0.9921829700469971,0.9936374425888062,5118.90771484375,-118.9075927734375,118.9075927734375
166,83,22,random,5.800570011138916,22,0.003025829792022705,0.9955210089683533,0.9912409782409668,0.9942668080329895,5060.4716796875,-60.47154235839844,60.47154235839844
167,123,22,random,6.608854293823242,22,0.0013483762741088867,0.9928352236747742,0.9922056794166565,0.9935540556907654,5090.51123046875,-90.51101684570312,90.51101684570312
168,134,22,random,4.610046863555908,22,0.009951353073120117,0.9885841608047485,0.985795795917511,0.9957471489906311,5127.71044921875,-127.71023559570312,127.71023559570312
169,156,22,random,27.63102149963379,22,0.0,1.0,0.9958383440971375,0.9958383440971375,5350.78125,-350.78118896484375,350.78118896484375
170,182,22,random,27.63102149963379,22,0.0,1.0,0.9946158528327942,0.9946158528327942,5135.923828125,-135.92367553710938,135.92367553710938
171,188,22,random,7.451228141784668,22,0.0005807280540466309,0.995222806930542,0.9947487115859985,0.9953294396400452,5278.3525390625,-278.3526611328125,278.3526611328125
172,197,22,random,5.925591468811035,22,0.0026702284812927246,0.9942660927772522,0.9901374578475952,0.9928076863288879,5025.4619140625,-25.462051391601562,25.462051391601562
173,198,22,random,4.98488187789917,22,0.0068405866622924805,0.9972986578941345,0.9873124957084656,0.9941530823707581,5095.267578125,-95.26739501953125,95.26739501953125
174,215,22,random,4.600788116455078,22,0.010043919086456299,0.9961687922477722,0.9840787649154663,0.9941226840019226,5078.6025390625,-78.60272216796875,78.60272216796875
175,220,22,random,3.8378524780273438,22,0.021539807319641113,1.0,0.9733265042304993,0.9948663115501404,5129.82861328125,-129.8287811279297,129.8287811279297
176,224,22,random,5.892181873321533,22,0.002760946750640869,1.0,0.9928076863288879,0.9955686330795288,5054.052734375,-54.052764892578125,54.052764892578125
177,242,22,random,5.195521831512451,22,0.005541324615478516,1.0,0.9894540309906006,0.9949953556060791,5599.10546875,-599.1052856445312,599.1052856445312
178,11,23,random,27.63102149963379,23,0.0,0.9982120990753174,0.9923381805419922,0.9923381805419922,5397.60107421875,-397.60113525390625,397.60113525390625
179,12,23,random,4.848762512207031,23,0.007838070392608643,0.9842658042907715,0.9872521758079529,0.9950902462005615,5012.73388671875,-12.733978271484375,12.733978271484375
180,32,23,random,5.967158317565918,23,0.002561509609222412,0.9896100163459778,0.9920467138290405,0.9946082234382629,5102.142578125,-102.14280700683594,102.14280700683594
181,45,23,random,4.717628479003906,23,0.00893634557723999,0.9705044627189636,0.9769309759140015,0.9858673214912415,5062.07080078125,-62.07062530517578,62.07062530517578
182,64,23,random,4.679717540740967,23,0.009281635284423828,0.9918229579925537,0.9836358428001404,0.9929174780845642,5147.27880859375,-147.27862548828125,147.27862548828125
183,67,23,random,4.782235145568848,23,0.008377254009246826,1.0,0.9859123826026917,0.9942896366119385,5149.6533203125,-149.65350341796875,149.65350341796875
184,75,23,random,27.63102149963379,23,0.0,0.9958518147468567,0.9934062361717224,0.9934062361717224,5294.41162109375,-294.4114990234375,294.4114990234375
185,99,23,random,27.63102149963379,23,0.0,1.0,0.9915586709976196,0.9915586709976196,5093.70703125,-93.70718383789062,93.70718383789062
186,103,23,random,6.634872913360596,23,0.0013137459754943848,1.0,0.9918689131736755,0.9931826591491699,5011.662109375,-11.662261962890625,11.662261962890625
187,112,23,random,3.8589351177215576,23,0.021090447902679443,0.9753596782684326,0.9739542603492737,0.9950447082519531,5005.5625,-5.562461853027344,5.562461853027344
188,115,23,random,4.472362041473389,23,0.01142030954360962,0.9778997302055359,0.9839736819267273,0.9953939914703369,5110.77978515625,-110.77981567382812,110.77981567382812
189,119,23,random,27.63102149963379,23,0.0,1.0,0.9951357841491699,0.9951357841491699,5194.046875,-194.04681396484375,194.04681396484375
190,122,23,random,7.451022624969482,23,0.0005808472633361816,0.9878969788551331,0.9948738813400269,0.995454728603363,5049.09521484375,-49.095008850097656,49.095008850097656
191,126,23,random,5.5565948486328125,23,0.0038619041442871094,1.0,0.9915738105773926,0.9954357147216797,5258.615234375,-258.61529541015625,258.61529541015625
192,153,23,random,5.827462196350098,23,0.002945542335510254,1.0,0.9922927021980286,0.9952382445335388,5004.37890625,-4.378913879394531,4.378913879394531
193,190,23,random,27.63102149963379,23,0.0,0.9963144659996033,0.9957737922668457,0.9957737922668457,5045.72802734375,-45.727813720703125,45.727813720703125
194,191,23,random,5.863558769226074,23,0.0028411149978637695,1.0,0.9916419386863708,0.9944830536842346,5174.935546875,-174.93557739257812,174.93557739257812
195,194,23,random,27.63102149963379,23,0.0,1.0,0.995033323764801,0.995033323764801,5262.50341796875,-262.5032043457031,262.5032043457031
196,214,23,random,5.640423774719238,23,0.0035513639450073242,0.995222270488739,0.9875912666320801,0.9911426305770874,5017.396484375,-17.396591186523438,17.396591186523438
197,236,23,random,5.65811824798584,23,0.003489077091217041,1.0,0.9924252033233643,0.9959142804145813,5016.09375,-16.093780517578125,16.093780517578125
198,244,23,random,27.63102149963379,23,0.0,1.0,0.9944185614585876,0.9944185614585876,5155.81640625,-155.81646728515625,155.81646728515625
199,21,24,random,27.63102149963379,24,0.0,0.9975088834762573,0.9935427308082581,0.9935427308082581,5060.958984375,-60.95896911621094,60.95896911621094
200,42,24,random,6.84431791305542,24,0.0010654926300048828,1.0,0.9934972524642944,0.9945627450942993,5782.08203125,-782.081787109375,782.081787109375
201,69,24,random,27.63102149963379,24,0.0,0.9876335859298706,0.9948663115501404,0.9948663115501404,5253.52197265625,-253.52197265625,253.52197265625
202,72,24,random,5.682447910308838,24,0.0034052133560180664,0.9813525676727295,0.9912296533584595,0.9946348667144775,5790.71923828125,-790.7193603515625,790.7193603515625
203,82,24,random,27.63102149963379,24,0.0,1.0,0.9951016306877136,0.9951016306877136,5047.548828125,-47.548797607421875,47.548797607421875
204,155,24,random,27.63102149963379,24,0.0,0.9963827133178711,0.9956977963447571,0.9956977963447571,5317.87744140625,-317.8775634765625,317.8775634765625
205,167,24,random,4.34962797164917,24,0.012911617755889893,0.9702739119529724,0.9812148809432983,0.9941264986991882,5064.9638671875,-64.96408081054688,64.96408081054688
206,184,24,random,27.63102149963379,24,0.0,1.0,0.9942517280578613,0.9942517280578613,5019.6103515625,-19.6104736328125,19.6104736328125
207,186,24,random,4.666018009185791,24,0.009409666061401367,0.991449773311615,0.9859424829483032,0.9953521490097046,5471.1025390625,-471.1026916503906,471.1026916503906
208,212,24,random,5.106212139129639,24,0.006058990955352783,0.9855250120162964,0.9890578389167786,0.9951168298721313,5154.06640625,-154.06619262695312,154.06619262695312
209,213,24,random,27.63102149963379,24,0.0,1.0,0.995591402053833,0.995591402053833,5033.3212890625,-33.3211669921875,33.3211669921875
210,223,24,random,5.229902744293213,24,0.005354046821594238,0.9885920286178589,0.9878172874450684,0.9931713342666626,5285.08935546875,-285.08953857421875,285.08953857421875
211,235,24,random,5.303170204162598,24,0.004975795745849609,1.0,0.9879341125488281,0.9929099082946777,5315.3330078125,-315.33319091796875,315.33319091796875
212,22,25,random,5.127921104431152,25,0.0059288740158081055,0.9823223948478699,0.9895182251930237,0.9954470992088318,5320.9755859375,-320.97564697265625,320.97564697265625
213,30,25,random,6.51830530166626,25,0.0014761686325073242,0.970249593257904,0.9940658807754517,0.995542049407959,5002.1572265625,-2.157196044921875,2.157196044921875
214,51,25,random,3.9564762115478516,8,0.019130408763885498,0.9912974238395691,0.9753298759460449,0.9944602847099304,5344.65673828125,-344.6566162109375,344.6566162109375
215,88,25,random,27.63102149963379,25,0.0,1.0,0.995591402053833,0.995591402053833,5455.3076171875,-455.30755615234375,455.30755615234375
216,93,25,random,6.213459491729736,25,0.0020022988319396973,1.0,0.993110716342926,0.9951130151748657,5303.2138671875,-303.214111328125,303.214111328125
217,98,25,random,5.454840183258057,25,0.00427556037902832,0.9923330545425415,0.9897485375404358,0.9940240979194641,5099.3515625,-99.35137939453125,99.35137939453125
218,101,25,random,7.018261432647705,25,0.000895380973815918,1.0,0.9898919463157654,0.9907873272895813,5152.53759765625,-152.5375518798828,152.5375518798828
219,107,25,random,5.860103130340576,25,0.002850949764251709,0.996519923210144,0.9924063086509705,0.9952572584152222,5136.16357421875,-136.16342163085938,136.16342163085938
220,125,25,random,5.686938762664795,25,0.0033899545669555664,0.9867815971374512,0.9890087842941284,0.992398738861084,5262.01318359375,-262.0133361816406,262.0133361816406
221,128,25,random,27.63102149963379,25,0.0,1.0,0.9938269853591919,0.9938269853591919,5023.36279296875,-23.362594604492188,23.362594604492188
222,135,25,random,4.4354023933410645,25,0.011850297451019287,0.9703253507614136,0.9805862903594971,0.9924365878105164,5097.97607421875,-97.97595977783203,97.97595977783203
223,144,25,random,5.498260974884033,25,0.00409388542175293,1.0,0.9916267395019531,0.995720624923706,5093.8427734375,-93.8428726196289,93.8428726196289
224,157,25,random,27.63102149963379,25,0.0,0.9845666289329529,0.9899523854255676,0.9899523854255676,5006.953125,-6.95330810546875,6.95330810546875
225,160,25,random,3.7827413082122803,25,0.022760212421417236,1.0,0.9701496958732605,0.9929099082946777,5238.3564453125,-238.35653686523438,238.35653686523438
226,177,25,random,4.507561683654785,25,0.011025309562683105,0.9771624207496643,0.9815930128097534,0.9926183223724365,5067.2578125,-67.25801086425781,67.25801086425781
227,193,25,random,5.182717800140381,25,0.005612730979919434,0.9866666793823242,0.990009069442749,0.9956218004226685,5456.359375,-456.35955810546875,456.35955810546875
228,241,25,random,27.63102149963379,25,0.0,1.0,0.995405375957489,0.995405375957489,5049.666015625,-49.66584777832031,49.66584777832031
229,16,26,random,6.45570182800293,26,0.0015715360641479492,0.9968810677528381,0.9943199753761292,0.9958915114402771,5089.3515625,-89.35159301757812,89.35159301757812
230,74,26,random,27.63102149963379,12,0.0,0.9925271272659302,0.9942706227302551,0.9942706227302551,5063.12548828125,-63.125396728515625,63.125396728515625
231,114,26,random,27.63102149963379,26,0.0,0.998585045337677,0.9915813207626343,0.9915813207626343,5216.65966796875,-216.65985107421875,216.65985107421875
232,116,26,random,7.879637241363525,26,0.0003783702850341797,0.9965292811393738,0.9914905428886414,0.9918689131736755,5031.6953125,-31.695068359375,31.695068359375
233,131,26,random,6.761164665222168,9,0.0011578798294067383,1.0,0.9913657903671265,0.9925236701965332,5307.41357421875,-307.4134826660156,307.4134826660156
234,175,26,random,6.208619117736816,26,0.002012014389038086,0.9901968836784363,0.9923192858695984,0.9943313002586365,5208.74755859375,-208.74752807617188,208.74752807617188
235,195,26,random,5.135357856750488,26,0.005884945392608643,0.9934768080711365,0.9891521334648132,0.9950370788574219,5193.93603515625,-193.93612670898438,193.93612670898438
236,199,26,random,5.804121971130371,26,0.0030151009559631348,0.9868927597999573,0.9914262890815735,0.9944413900375366,5053.7529296875,-53.753150939941406,53.753150939941406
237,203,26,random,4.357827663421631,8,0.012806177139282227,0.9767767786979675,0.981566846370697,0.9943730235099792,5015.17431640625,-15.174179077148438,15.174179077148438
238,205,26,random,5.0011773109436035,26,0.006730020046234131,0.9906638860702515,0.986100435256958,0.9928304553031921,7155.7900390625,-2155.789794921875,2155.789794921875
239,240,26,random,5.611540794372559,26,0.0036554336547851562,0.9974358677864075,0.9901336431503296,0.9937890768051147,5053.44091796875,-53.44068908691406,53.44068908691406
240,255,26,random,4.751560688018799,26,0.008638203144073486,0.9984873533248901,0.9840975403785706,0.992735743522644,5116.17041015625,-116.17041015625,116.17041015625
241,5,27,random,6.407500743865967,27,0.0016491413116455078,0.9858056902885437,0.9929705262184143,0.9946196675300598,5070.09619140625,-70.09616088867188,70.09616088867188
242,6,27,random,5.70916223526001,27,0.003315448760986328,1.0,0.9893559217453003,0.9926713705062866,5189.33251953125,-189.3326873779297,189.3326873779297
243,29,27,random,7.252752304077148,27,0.0007082223892211914,0.9883344173431396,0.9872221350669861,0.9879303574562073,5072.34130859375,-72.34150695800781,72.34150695800781
244,65,27,random,5.2457804679870605,27,0.0052697062492370605,0.9830333590507507,0.9890464544296265,0.9943161606788635,5206.517578125,-206.5174560546875,206.5174560546875
245,80,27,random,5.3148698806762695,27,0.004917919635772705,0.9875122308731079,0.9907570481300354,0.9956749677658081,5825.2783203125,-825.278076171875,825.278076171875
246,110,27,random,27.63102149963379,27,0.0,1.0,0.9955040812492371,0.9955040812492371,5099.2841796875,-99.28422546386719,99.28422546386719
247,130,27,random,6.103302955627441,13,0.0022354722023010254,1.0,0.9921185970306396,0.9943540692329407,5273.9248046875,-273.924560546875,273.924560546875
248,154,27,random,3.9716203212738037,9,0.018842875957489014,0.9710907340049744,0.9751698970794678,0.9940127730369568,5047.625,-47.625213623046875,47.625213623046875
249,170,27,random,4.165243148803711,27,0.0155259370803833,0.9773648977279663,0.9746455550193787,0.990171492099762,5153.1259765625,-153.12606811523438,153.12606811523438
250,206,27,random,4.579073905944824,27,0.010264396667480469,0.9743794798851013,0.9855777621269226,0.9958421587944031,5232.5986328125,-232.59857177734375,232.59857177734375
251,229,27,random,27.63102149963379,27,0.0,1.0,0.9945589303970337,0.9945589303970337,5030.11328125,-30.113449096679688,30.113449096679688
252,39,28,random,27.63102149963379,28,0.0,0.9973780512809753,0.9939938187599182,0.9939938187599182,5102.6796875,-102.67964172363281,102.67964172363281
253,61,28,random,5.161649227142334,28,0.005732238292694092,0.9975731372833252,0.9876929521560669,0.993425190448761,5069.23876953125,-69.23867797851562,69.23867797851562
254,68,28,random,27.63102149963379,28,0.0,1.0,0.9938572645187378,0.9938572645187378,5109.6337890625,-109.63398742675781,109.63398742675781
255,105,28,random,4.3092041015625,7,0.013444244861602783,0.9681532382965088,0.9802310466766357,0.9936752915382385,5041.6396484375,-41.6395263671875,41.6395263671875
256,124,28,random,27.63102149963379,28,0.0,1.0,0.9935578107833862,0.9935578107833862,5063.03369140625,-63.03358459472656,63.03358459472656
257,172,28,random,27.63102149963379,28,0.0,0.9993464350700378,0.9950599074363708,0.9950599074363708,5111.375,-111.37484741210938,111.37484741210938
258,196,28,random,7.892160415649414,18,0.00037366151809692383,0.999394416809082,0.9892578125,0.9896314740180969,5250.33349609375,-250.33364868164062,250.33364868164062
259,54,29,random,4.959807872772217,12,0.007014274597167969,0.978862464427948,0.9845443964004517,0.9915586709976196,5094.93701171875,-94.93724060058594,94.93724060058594
260,76,29,random,6.567802429199219,22,0.001404881477355957,0.9980740547180176,0.9919596910476685,0.9933645725250244,5058.0068359375,-58.00675964355469,58.00675964355469
261,109,29,random,8.293883323669434,16,0.00025004148483276367,1.0,0.9929212927818298,0.9931713342666626,5335.658203125,-335.65814208984375,335.65814208984375
262,174,29,random,3.9268527030944824,19,0.019705593585968018,0.97901850938797,0.9743109941482544,0.9940165877342224,5067.84765625,-67.8475341796875,67.8475341796875
263,207,29,random,5.799526214599609,15,0.0030289888381958008,0.9821357131004333,0.989808976650238,0.9928379654884338,5051.87353515625,-51.87353515625,51.87353515625
264,208,29,random,6.232330799102783,29,0.001964867115020752,0.9987502694129944,0.9914792776107788,0.9934441447257996,5128.4306640625,-128.4306182861328,128.4306182861328
265,100,30,random,6.002565860748291,30,0.002472400665283203,1.0,0.9913052916526794,0.9937776923179626,4920.3623046875,79.63772583007812,0.0
266,133,30,random,27.63102149963379,30,0.0,0.9977590441703796,0.9923532605171204,0.9923532605171204,4703.2529296875,296.747314453125,0.0
267,138,30,random,27.63102149963379,30,0.0,0.9947801232337952,0.994957447052002,0.994957447052002,4924.287109375,75.71279907226562,0.0
268,145,30,random,7.18609619140625,18,0.0007570385932922363,0.990734338760376,0.9868153929710388,0.987572431564331,5280.1435546875,-280.1433410644531,280.1433410644531
269,158,30,random,6.210665225982666,30,0.002007901668548584,1.0,0.9920997023582458,0.9941076040267944,5119.7216796875,-119.7216567993164,119.7216567993164
270,162,30,random,7.433929920196533,22,0.0005908608436584473,1.0,0.99261075258255,0.9932016134262085,5208.11767578125,-208.11764526367188,208.11764526367188
271,31,31,random,27.63102149963379,18,0.0,1.0,0.9953749775886536,0.9953749775886536,5478.82568359375,-478.8258361816406,478.8258361816406
272,147,31,random,5.60321044921875,14,0.0036860108375549316,0.9974337220191956,0.9861418008804321,0.9898278117179871,5761.083984375,-761.0841064453125,761.0841064453125
273,10,32,random,8.610997200012207,12,0.00018209218978881836,1.0,0.994437575340271,0.9946196675300598,5099.39404296875,-99.39411926269531,99.39411926269531
274,171,32,random,7.837228775024414,16,0.0003947615623474121,0.9950855374336243,0.9949687719345093,0.9953635334968567,5019.95263671875,-19.95281982421875,19.95281982421875
275,221,32,random,5.342044830322266,21,0.004786074161529541,1.0,0.9894163012504578,0.9942023754119873,5115.7099609375,-115.70973205566406,115.70973205566406
276,4,33,random,27.63102149963379,19,0.0,0.9835816025733948,0.9935882091522217,0.9935882091522217,5139.06689453125,-139.06686401367188,139.06686401367188
277,23,33,random,3.5917599201202393,16,0.027549803256988525,0.9715135097503662,0.9586898684501648,0.9862396717071533,5034.9990234375,-34.9989013671875,34.9989013671875
278,58,33,random,6.046022891998291,14,0.002367258071899414,1.0,0.9933229088783264,0.9956901669502258,5085.9638671875,-85.96385192871094,85.96385192871094
279,59,33,random,27.63102149963379,23,0.0,0.9972631335258484,0.9949649572372437,0.9949649572372437,5207.1962890625,-207.19644165039062,207.19644165039062
280,95,33,random,6.379734516143799,14,0.0016955733299255371,0.9880974292755127,0.9891030788421631,0.9907986521720886,5339.32666015625,-339.3268737792969,339.3268737792969
281,127,33,random,9.223976135253906,18,9.864568710327148e-05,0.9915204048156738,0.9943085312843323,0.9944071769714355,5521.248046875,-521.248291015625,521.248291015625
282,198,33,random,7.115063667297363,11,0.0008127689361572266,1.0,0.9905605912208557,0.9913733601570129,5166.0048828125,-166.0048828125,166.0048828125
283,227,33,random,4.611593246459961,14,0.009935975074768066,1.0,0.9846570491790771,0.9945930242538452,5054.19873046875,-54.198883056640625,54.198883056640625
284,254,33,random,6.224083423614502,17,0.0019811391830444336,1.0,0.9939103722572327,0.9958915114402771,5217.720703125,-217.72064208984375,217.72064208984375
285,7,34,random,27.63102149963379,14,0.0,0.9962087273597717,0.9922473430633545,0.9922473430633545,5423.52099609375,-423.5207824707031,423.5207824707031
286,22,34,random,4.796964645385742,9,0.008254766464233398,0.9971524477005005,0.9876025319099426,0.995857298374176,5740.751953125,-740.752197265625,740.752197265625
287,49,34,random,7.47501277923584,14,0.0005670785903930664,0.9916670322418213,0.990896999835968,0.9914640784263611,5034.35693359375,-34.35675048828125,34.35675048828125
288,52,34,random,6.0488972663879395,18,0.0023604631423950195,0.9882223010063171,0.992054283618927,0.994414746761322,5122.9287109375,-122.9287338256836,122.9287338256836
289,55,34,random,5.78848934173584,22,0.003062605857849121,0.9907744526863098,0.9908440113067627,0.9939066171646118,5053.662109375,-53.662078857421875,53.662078857421875
290,161,34,random,4.148149013519287,21,0.01579362154006958,0.993693470954895,0.9781205654144287,0.9939141869544983,5048.6474609375,-48.6475830078125,48.6475830078125
291,211,34,random,4.63391637802124,20,0.009716629981994629,0.97884202003479,0.9851078987121582,0.9948245286941528,5151.51708984375,-151.51722717285156,151.51722717285156
292,231,34,random,7.7730488777160645,15,0.0004209280014038086,1.0,0.9936752915382385,0.9940962195396423,5058.27099609375,-58.271080017089844,58.271080017089844
293,241,34,random,3.913231611251831,9,0.01997584104537964,0.9726213812828064,0.9754675030708313,0.9954433441162109,5132.66357421875,-132.66354370117188,132.66354370117188
294,252,34,random,27.63102149963379,18,0.0,0.9926876425743103,0.9924290180206299,0.9924290180206299,5603.021484375,-603.021728515625,603.021728515625
295,47,35,random,5.7801361083984375,21,0.0030882954597473145,0.9824455976486206,0.9869622588157654,0.9900505542755127,5040.94580078125,-40.94573974609375,40.94573974609375
296,48,35,random,4.138735771179199,16,0.01594299077987671,0.9874662160873413,0.9793788194656372,0.9953218102455139,5440.4033203125,-440.40338134765625,440.40338134765625
297,111,35,random,27.63102149963379,23,0.0,0.9952839016914368,0.9949498176574707,0.9949498176574707,5106.38525390625,-106.3853759765625,106.3853759765625
298,165,35,random,5.034412860870361,18,0.006510019302368164,0.9931631684303284,0.9889370799064636,0.9954470992088318,5106.21630859375,-106.21652221679688,106.21652221679688
299,166,35,random,27.63102149963379,20,0.0,1.0,0.9948663115501404,0.9948663115501404,5000.04443359375,-0.044647216796875,0.044647216796875
300,178,35,random,27.63102149963379,22,0.0,1.0,0.9945020079612732,0.9945020079612732,5375.1025390625,-375.1025695800781,375.1025695800781
301,179,35,random,4.121361255645752,15,0.01622241735458374,0.9735547304153442,0.9790500402450562,0.9952724575996399,5088.65087890625,-88.65087890625,88.65087890625
302,210,35,random,5.131899833679199,15,0.005905330181121826,0.9939906001091003,0.9887409210205078,0.9946462512016296,5597.08203125,-597.08203125,597.08203125
303,222,35,random,27.63102149963379,16,0.0,1.0,0.9933493733406067,0.9933493733406067,5597.94580078125,-597.9459228515625,597.9459228515625
304,239,35,random,5.576201915740967,20,0.003786921501159668,0.9840525984764099,0.9858785271644592,0.9896654486656189,5199.56005859375,-199.55996704101562,199.55996704101562
305,249,35,random,6.582849025726318,18,0.0013839006423950195,0.9970422983169556,0.9932281374931335,0.9946120381355286,5020.97314453125,-20.972946166992188,20.972946166992188
306,36,36,random,27.63102149963379,16,0.0,1.0,0.9942668080329895,0.9942668080329895,5185.4091796875,-185.4090576171875,185.4090576171875
307,53,36,random,6.836128234863281,24,0.0010742545127868652,1.0,0.9945058226585388,0.9955800771713257,5377.73828125,-377.738037109375,377.738037109375
308,108,36,random,4.174092769622803,17,0.01538914442062378,0.988731324672699,0.9796403646469116,0.9950295090675354,5046.53564453125,-46.535423278808594,46.535423278808594
309,117,36,random,4.741769313812256,19,0.008723199367523193,0.9987753033638,0.9860026836395264,0.9947258830070496,5208.970703125,-208.97064208984375,208.97064208984375
310,150,36,random,6.685877323150635,20,0.0012484192848205566,0.993802011013031,0.9940847754478455,0.995333194732666,5107.7724609375,-107.77267456054688,107.77267456054688
311,167,36,random,27.63102149963379,12,0.0,1.0,0.9949194192886353,0.9949194192886353,5094.65380859375,-94.65374755859375,94.65374755859375
312,20,37,random,5.326426029205322,16,0.004861414432525635,0.9986427426338196,0.9870150089263916,0.9918764233589172,5078.18603515625,-78.1859130859375,78.1859130859375
313,26,37,random,27.63102149963379,16,0.0,1.0,0.9957281351089478,0.9957281351089478,5060.96533203125,-60.9651985168457,60.9651985168457
314,35,37,random,27.63102149963379,20,0.0,0.998641848564148,0.995492696762085,0.995492696762085,5287.3427734375,-287.34295654296875,287.34295654296875
315,38,37,random,27.63102149963379,18,0.0,1.0,0.9869547486305237,0.9869547486305237,5416.95263671875,-416.95263671875,416.95263671875
316,40,37,random,6.755364418029785,20,0.0011646151542663574,1.0,0.993929386138916,0.9950940012931824,5139.87890625,-139.87884521484375,139.87884521484375
317,56,37,random,27.63102149963379,17,0.0,0.9958144426345825,0.9942402839660645,0.9942402839660645,5156.44775390625,-156.44754028320312,156.44754028320312
318,66,37,random,7.3708930015563965,22,0.0006293058395385742,0.999358057975769,0.9934213757514954,0.9940506815910339,5012.76025390625,-12.7601318359375,12.7601318359375
319,73,37,random,27.63102149963379,22,0.0,1.0,0.9930880069732666,0.9930880069732666,5255.30810546875,-255.30825805664062,255.30825805664062
320,84,37,random,27.63102149963379,17,0.0,0.999025285243988,0.995169997215271,0.995169997215271,5141.86328125,-141.8631134033203,141.8631134033203
321,86,37,random,6.233453750610352,22,0.0019626617431640625,0.9993981719017029,0.9922245740890503,0.9941872358322144,5008.04052734375,-8.040702819824219,8.040702819824219
322,91,37,random,4.73090934753418,17,0.008818447589874268,0.9679563641548157,0.9835083484649658,0.9923267960548401,5086.7314453125,-86.73121643066406,86.73121643066406
323,93,37,random,4.3041229248046875,12,0.013512730598449707,0.9772974848747253,0.9791396856307983,0.992652416229248,5321.591796875,-321.5916748046875,321.5916748046875
324,104,37,random,27.63102149963379,24,0.0,1.0,0.9877532124519348,0.9877532124519348,5195.61669921875,-195.6168212890625,195.6168212890625
325,142,37,random,8.590906143188477,20,0.00018578767776489258,0.9923416376113892,0.9937397837638855,0.9939255714416504,5381.35009765625,-381.35003662109375,381.35003662109375
326,152,37,random,5.948051929473877,20,0.002610921859741211,1.0,0.9906248450279236,0.9932357668876648,5367.154296875,-367.154052734375,367.154052734375
327,164,37,random,5.23280143737793,19,0.005338549613952637,0.9786160588264465,0.9870412945747375,0.9923798441886902,5378.69384765625,-378.6937255859375,378.6937255859375
328,177,37,random,27.63102149963379,12,0.0,1.0,0.9955154657363892,0.9955154657363892,5042.89404296875,-42.89402770996094,42.89402770996094
329,184,37,random,3.515054702758789,13,0.029746174812316895,0.9731459021568298,0.9658072590827942,0.9955534338951111,6738.72265625,-1738.722412109375,1738.722412109375
330,200,37,random,5.591874599456787,24,0.003728032112121582,0.9890177249908447,0.9913204312324524,0.995048463344574,5369.12109375,-369.12103271484375,369.12103271484375
331,209,37,random,5.300358772277832,18,0.004989802837371826,1.0,0.9899523854255676,0.9949421882629395,5037.2568359375,-37.256591796875,37.256591796875
332,237,37,random,27.63102149963379,27,0.0,1.0,0.9945324063301086,0.9945324063301086,5176.72900390625,-176.7289276123047,176.7289276123047
333,248,37,random,6.278107166290283,21,0.0018769502639770508,0.9884201288223267,0.9930273294448853,0.9949042797088623,5009.185546875,-9.185379028320312,9.185379028320312
334,3,38,random,4.528738975524902,28,0.010794281959533691,0.983884871006012,0.9822747707366943,0.993069052696228,5018.884765625,-18.884735107421875,18.884735107421875
335,18,38,random,6.355356693267822,23,0.0017374157905578613,1.0,0.9892200231552124,0.9909574389457703,5233.6982421875,-233.6981201171875,233.6981201171875
336,28,38,random,7.600259780883789,17,0.0005003213882446289,0.992678701877594,0.9934593439102173,0.9939596652984619,5496.96630859375,-496.9661865234375,496.9661865234375
337,34,38,random,4.7675580978393555,19,0.008501112461090088,0.9818611741065979,0.9866498708724976,0.9951509833335876,5272.55419921875,-272.5543212890625,272.5543212890625
338,92,38,random,5.7938947677612305,18,0.003046095371246338,1.0,0.9892087578773499,0.9922548532485962,5199.994140625,-199.99420166015625,199.99420166015625
339,97,38,random,5.807984352111816,22,0.0030034780502319336,0.9965156316757202,0.990122377872467,0.993125855922699,5151.3447265625,-151.34475708007812,151.34475708007812
340,119,38,random,4.2571001052856445,15,0.014163315296173096,0.971498966217041,0.9780309796333313,0.9921942949295044,5119.85595703125,-119.8560791015625,119.8560791015625
341,120,38,random,27.63102149963379,22,0.0,0.9942003488540649,0.9936677813529968,0.9936677813529968,5045.35302734375,-45.3529052734375,45.3529052734375
342,139,38,random,5.166266441345215,22,0.005705833435058594,1.0,0.9896805286407471,0.9953863620758057,5185.04833984375,-185.04849243164062,185.04849243164062
343,143,38,random,27.63102149963379,18,0.0,1.0,0.9951168298721313,0.9951168298721313,5160.91015625,-160.910400390625,160.910400390625
344,148,38,random,5.7610955238342285,19,0.0031476616859436035,0.987224817276001,0.9925766587257385,0.9957243204116821,5139.32861328125,-139.32843017578125,139.32843017578125
345,151,38,random,27.63102149963379,22,0.0,0.9901413321495056,0.9906097650527954,0.9906097650527954,5023.33349609375,-23.33367919921875,23.33367919921875
346,202,38,random,7.477538585662842,23,0.000565648078918457,0.9977816939353943,0.9948397278785706,0.995405375957489,5246.9501953125,-246.949951171875,246.949951171875
347,217,38,random,6.190680503845215,18,0.0020484328269958496,0.9805027842521667,0.9933986663818359,0.9954470992088318,5227.33056640625,-227.3306884765625,227.3306884765625
348,242,38,random,4.691285610198975,16,0.009174883365631104,1.0,0.9819375872612,0.991112470626831,5077.451171875,-77.4512939453125,77.4512939453125
349,0,39,random,27.63102149963379,29,0.0,1.0,0.9952079057693481,0.9952079057693481,5169.27001953125,-169.27015686035156,169.27015686035156
350,27,39,random,5.2761077880859375,24,0.005112290382385254,1.0,0.9908818006515503,0.9959940910339355,5203.15380859375,-203.15371704101562,203.15371704101562
351,43,39,random,27.63102149963379,17,0.0,1.0,0.9954357147216797,0.9954357147216797,5216.35009765625,-216.3500518798828,216.3500518798828
352,60,39,random,7.26776123046875,26,0.0006976723670959473,1.0,0.993508517742157,0.9942061901092529,5238.11962890625,-238.1194305419922,238.1194305419922
353,61,39,random,7.415340423583984,11,0.0006019473075866699,0.9987731575965881,0.9921035170555115,0.9927054643630981,5073.1552734375,-73.15524291992188,73.15524291992188
354,69,39,random,27.63102149963379,15,0.0,0.9826841354370117,0.9917516112327576,0.9917516112327576,5035.5458984375,-35.54595947265625,35.54595947265625
355,96,39,random,6.732544898986816,18,0.0011914968490600586,1.0,0.9941341280937195,0.9953256249427795,5125.1103515625,-125.11019897460938,125.11019897460938
356,102,39,random,27.63102149963379,25,0.0,0.9972441792488098,0.9939066171646118,0.9939066171646118,5305.9013671875,-305.90118408203125,305.90118408203125
357,112,39,random,27.63102149963379,16,0.0,1.0,0.9937018752098083,0.9937018752098083,5184.39208984375,-184.39193725585938,184.39193725585938
358,113,39,random,27.63102149963379,18,0.0,0.9912382960319519,0.9949384331703186,0.9949384331703186,5551.82177734375,-551.8218383789062,551.8218383789062
359,137,39,random,6.5875115394592285,21,0.0013774633407592773,1.0,0.9940924048423767,0.995469868183136,5013.69970703125,-13.699874877929688,13.699874877929688
360,149,39,random,9.225790023803711,23,9.846687316894531e-05,0.9875267148017883,0.992709219455719,0.9928076863288879,5141.306640625,-141.3065185546875,141.3065185546875
361,176,39,random,27.63102149963379,20,0.0,1.0,0.9937208294868469,0.9937208294868469,5259.65283203125,-259.6529541015625,259.6529541015625
362,180,39,random,7.340116024017334,19,0.0006489753723144531,1.0,0.9945741295814514,0.9952231049537659,5033.6513671875,-33.651275634765625,33.651275634765625
363,192,39,random,6.643438816070557,18,0.0013025403022766113,0.9949612021446228,0.994797945022583,0.9961004853248596,5152.04150390625,-152.04144287109375,152.04144287109375
364,218,39,random,6.361205577850342,23,0.001727283000946045,0.9927865862846375,0.9921035170555115,0.9938308000564575,5083.9833984375,-83.98345947265625,83.98345947265625
365,234,39,random,5.759033679962158,23,0.003154158592224121,1.0,0.9922283887863159,0.99538254737854,5184.57275390625,-184.5728302001953,184.5728302001953
366,8,40,random,6.696291446685791,20,0.0012354850769042969,1.0,0.9928569197654724,0.9940924048423767,5018.9814453125,-18.981544494628906,18.981544494628906
367,12,40,random,3.801331043243408,17,0.022341012954711914,0.9660041928291321,0.9711865186691284,0.9935275316238403,5534.41943359375,-534.4193115234375,534.4193115234375
368,25,40,random,5.570958614349365,20,0.0038068294525146484,1.0,0.9900921583175659,0.9938989877700806,5567.40283203125,-567.4027709960938,567.4027709960938
369,33,40,random,4.789418697357178,19,0.008317291736602783,0.9938552975654602,0.9846645593643188,0.9929818511009216,5317.267578125,-317.2674560546875,317.2674560546875
370,37,40,random,6.545399188995361,18,0.0014367103576660156,1.0,0.9929856657981873,0.9944223761558533,5542.013671875,-542.0136108398438,542.0136108398438
371,41,40,random,6.138883590698242,22,0.0021573305130004883,0.9939664006233215,0.9893634915351868,0.9915208220481873,5199.3447265625,-199.34490966796875,199.34490966796875
372,45,40,random,4.315069198608398,17,0.013365626335144043,0.9986023306846619,0.9805750846862793,0.9939407110214233,5007.974609375,-7.9744873046875,7.9744873046875
373,50,40,random,27.63102149963379,21,0.0,0.9867391586303711,0.9905492663383484,0.9905492663383484,5118.2236328125,-118.22361755371094,118.22361755371094
374,77,40,random,3.781825065612793,18,0.022781074047088623,0.9718044996261597,0.9671751260757446,0.9899562001228333,8208.4638671875,-3208.4638671875,3208.4638671875
375,101,40,random,7.61345100402832,15,0.0004937648773193359,1.0,0.9954281449317932,0.9959219098091125,5059.67431640625,-59.674285888671875,59.674285888671875
376,106,40,random,4.609328269958496,19,0.009958505630493164,1.0,0.9842551946640015,0.9942137002944946,5183.57470703125,-183.57485961914062,183.57485961914062
377,121,40,random,5.3456878662109375,19,0.004768669605255127,0.9868339896202087,0.9873915910720825,0.9921602606773376,5614.0361328125,-614.0362548828125,614.0362548828125
378,132,40,random,5.619447231292725,23,0.0036266446113586426,0.999186098575592,0.9916002750396729,0.9952269196510315,5065.61181640625,-65.61162567138672,65.61162567138672
379,141,40,random,6.638190269470215,19,0.0013093948364257812,1.0,0.994297206401825,0.9956066012382507,5016.86328125,-16.8631591796875,16.8631591796875
380,146,40,random,27.63102149963379,20,0.0,0.9845374226570129,0.9955078959465027,0.9955078959465027,5640.162109375,-640.162109375,640.162109375
381,155,40,random,27.63102149963379,16,0.0,0.9986103773117065,0.9948359727859497,0.9948359727859497,5294.955078125,-294.954833984375,294.954833984375
382,162,40,random,7.654102325439453,10,0.00047409534454345703,1.0,0.9939634799957275,0.994437575340271,5071.88037109375,-71.88018798828125,71.88018798828125
383,172,40,random,4.172436714172363,12,0.015414655208587646,0.9910034537315369,0.9798160791397095,0.9952307343482971,5387.857421875,-387.8572998046875,387.8572998046875
384,173,40,random,6.520730972290039,22,0.0014725923538208008,0.9987952709197998,0.9942100048065186,0.9956825971603394,5059.95068359375,-59.95054626464844,59.95054626464844
385,189,40,random,9.844310760498047,20,5.3048133850097656e-05,1.0,0.9931864738464355,0.9932395219802856,5287.5205078125,-287.520263671875,287.520263671875
386,204,40,random,27.63102149963379,23,0.0,1.0,0.9949156045913696,0.9949156045913696,5221.3515625,-221.3515625,221.3515625
387,224,40,random,6.089296340942383,18,0.002267003059387207,0.9870940446853638,0.9926638007164001,0.9949308037757874,5060.5087890625,-60.50856018066406,60.50856018066406
388,228,40,random,27.63102149963379,19,0.0,0.9862120747566223,0.9944678544998169,0.9944678544998169,5230.90966796875,-230.9097900390625,230.9097900390625
389,230,40,random,4.480858325958252,20,0.011323690414428711,0.9851666688919067,0.9838310480117798,0.9951547384262085,5583.29296875,-583.2928466796875,583.2928466796875
390,247,40,random,27.63102149963379,20,0.0,1.0,0.993838369846344,0.993838369846344,5335.7763671875,-335.7764892578125,335.7764892578125
391,250,40,random,8.699586868286133,22,0.0001666545867919922,1.0,0.9922927021980286,0.9924593567848206,5144.82958984375,-144.8294677734375,144.8294677734375
392,1,41,random,3.8237266540527344,20,0.021846234798431396,0.9806317090988159,0.9737907648086548,0.9956369996070862,5062.75634765625,-62.756248474121094,62.756248474121094
393,14,41,random,27.63102149963379,22,0.0,0.9989975690841675,0.994771420955658,0.994771420955658,5160.0224609375,-160.0225830078125,160.0225830078125
394,62,41,random,3.489112615585327,20,0.030527949333190918,0.978029191493988,0.9639816284179688,0.9945095777511597,5304.7294921875,-304.7294921875,304.7294921875
395,107,41,random,27.63102149963379,16,0.0,1.0,0.9956294298171997,0.9956294298171997,5710.134765625,-710.1348876953125,710.1348876953125
396,118,41,random,6.3667073249816895,25,0.0017178058624267578,0.9822921752929688,0.9888012409210205,0.9905190467834473,5144.68212890625,-144.68209838867188,144.68209838867188
397,122,41,random,5.510551452636719,18,0.004043877124786377,1.0,0.9914981722831726,0.995542049407959,5634.7265625,-634.7265625,634.7265625
398,136,41,random,5.608057022094727,24,0.00366818904876709,0.9953716397285461,0.9895144701004028,0.9931826591491699,5025.23681640625,-25.236709594726562,25.236709594726562
399,153,41,random,4.0055623054504395,18,0.018214046955108643,0.9755643606185913,0.9741771817207336,0.9923912286758423,5015.80908203125,-15.809310913085938,15.809310913085938
400,183,41,random,27.63102149963379,22,0.0,0.9957595467567444,0.9937132000923157,0.9937132000923157,5084.8310546875,-84.83110809326172,84.83110809326172
401,212,41,random,27.63102149963379,17,0.0,1.0,0.995469868183136,0.995469868183136,5188.556640625,-188.55657958984375,188.55657958984375
402,232,41,random,6.707547187805176,22,0.0012216567993164062,0.9980018138885498,0.9939634799957275,0.995185136795044,5140.6669921875,-140.66702270507812,140.66702270507812
403,238,41,random,8.102071762084961,23,0.00030291080474853516,0.9971416592597961,0.9923608899116516,0.9926638007164001,5002.40673828125,-2.4069061279296875,2.4069061279296875
404,243,41,random,4.946689128875732,21,0.007106900215148926,1.0,0.9847960472106934,0.9919029474258423,5145.97607421875,-145.9761505126953,145.9761505126953
405,246,41,random,6.703943252563477,24,0.0012260675430297852,0.9973546266555786,0.994414746761322,0.9956408143043518,5193.7568359375,-193.7568359375,193.7568359375
406,9,42,random,4.9772257804870605,21,0.006893157958984375,0.98983234167099,0.9877871870994568,0.9946803450584412,5030.4248046875,-30.4249267578125,30.4249267578125
407,17,42,random,6.945795059204102,25,0.000962674617767334,1.0,0.993084192276001,0.9940468668937683,5886.619140625,-886.619140625,886.619140625
408,24,42,random,27.63102149963379,21,0.0,0.9949883818626404,0.9912485480308533,0.9912485480308533,5127.07666015625,-127.07659912109375,127.07659912109375
409,42,42,random,6.638736724853516,18,0.0013086795806884766,1.0,0.9937701225280762,0.9950788021087646,5163.5576171875,-163.55767822265625,163.55767822265625
410,44,42,random,27.63102149963379,21,0.0,1.0,0.9941189289093018,0.9941189289093018,5124.22607421875,-124.22592163085938,124.22592163085938
411,57,42,random,27.63102149963379,20,0.0,0.999708354473114,0.9942023754119873,0.9942023754119873,5111.29638671875,-111.29643249511719,111.29643249511719
412,70,42,random,7.079901695251465,24,0.0008418560028076172,0.9788409471511841,0.9937360286712646,0.9945778846740723,5174.17333984375,-174.17330932617188,174.17330932617188
413,82,42,random,4.917016506195068,18,0.0073209404945373535,0.9851313233375549,0.9871166348457336,0.994437575340271,5966.783203125,-966.7833862304688,966.7833862304688
414,125,42,random,6.366672992706299,17,0.0017178654670715332,1.0,0.9932357668876648,0.9949536323547363,6285.783203125,-1285.7833251953125,1285.7833251953125
415,129,42,random,4.557765007019043,23,0.010485470294952393,0.9851757884025574,0.9835045337677002,0.9939900040626526,5023.41357421875,-23.413803100585938,23.413803100585938
416,140,42,random,5.65414571762085,24,0.003502964973449707,1.0,0.9888201355934143,0.992323100566864,5021.2451171875,-21.24530029296875,21.24530029296875
417,156,42,random,5.980133533477783,20,0.0025284886360168457,0.9918437004089355,0.9924630522727966,0.9949915409088135,5037.36572265625,-37.36595916748047,37.36595916748047
418,226,42,random,4.881042003631592,24,0.007589101791381836,0.9993524551391602,0.9869698286056519,0.9945589303970337,5471.359375,-471.3593444824219,471.3593444824219
419,229,42,random,3.2696237564086914,15,0.03802073001861572,0.9699462652206421,0.9558707475662231,0.9938914775848389,5061.4755859375,-61.475555419921875,61.475555419921875
420,253,42,random,4.655513763427734,21,0.009509027004241943,0.9937583208084106,0.9844392538070679,0.9939482808113098,5447.83349609375,-447.83343505859375,447.83343505859375
421,6,43,random,7.470293998718262,16,0.000569760799407959,1.0,0.9954319000244141,0.996001660823822,5159.19287109375,-159.19305419921875,159.19305419921875
422,19,43,random,6.4638895988464355,22,0.0015587210655212402,0.9886572957038879,0.9910482168197632,0.9926069378852844,5372.7041015625,-372.70404052734375,372.70404052734375
423,51,43,random,27.63102149963379,18,0.0,0.9941721558570862,0.9947068691253662,0.9947068691253662,5230.4462890625,-230.446044921875,230.446044921875
424,63,43,random,5.886691570281982,22,0.0027761459350585938,0.9847086668014526,0.9928114414215088,0.9955875873565674,5116.365234375,-116.36544799804688,116.36544799804688
425,67,43,random,4.728714942932129,20,0.00883781909942627,0.9930068254470825,0.9865143299102783,0.9953521490097046,5020.04931640625,-20.049331665039062,20.049331665039062
426,72,43,random,27.63102149963379,19,0.0,0.993340790271759,0.9938269853591919,0.9938269853591919,5208.22509765625,-208.22512817382812,208.22512817382812
427,103,43,random,3.941042184829712,20,0.019427955150604248,0.9708353281021118,0.9742663502693176,0.9936943054199219,5113.3798828125,-113.37989807128906,113.37989807128906
428,115,43,random,6.005874156951904,20,0.0024642348289489746,0.9921000599861145,0.992584228515625,0.995048463344574,5179.8251953125,-179.82498168945312,179.82498168945312
429,144,43,random,4.540905475616455,18,0.010663747787475586,0.9932428598403931,0.9842139482498169,0.9948776960372925,5159.96484375,-159.96487426757812,159.96487426757812
430,185,43,random,27.63102149963379,24,0.0,1.0,0.9928228259086609,0.9928228259086609,5184.916015625,-184.91619873046875,184.91619873046875
431,187,43,random,3.981212854385376,24,0.018662989139556885,0.9805412888526917,0.973304271697998,0.9919672608375549,6635.572265625,-1635.572021484375,1635.572021484375
432,196,43,random,27.63102149963379,15,0.0,1.0,0.9946196675300598,0.9946196675300598,5027.99609375,-27.9959716796875,27.9959716796875
433,215,43,random,27.63102149963379,21,0.0,0.992692768573761,0.9945324063301086,0.9945324063301086,5133.119140625,-133.1192626953125,133.1192626953125
434,225,43,random,27.63102149963379,25,0.0,1.0,0.9913014769554138,0.9913014769554138,5037.4228515625,-37.422691345214844,37.422691345214844
435,245,43,random,6.463430881500244,25,0.001559436321258545,1.0,0.9938610792160034,0.995420515537262,5032.64501953125,-32.644866943359375,32.644866943359375
436,251,43,random,27.63102149963379,22,0.0,0.9917423725128174,0.9924858212471008,0.9924858212471008,5386.1865234375,-386.1864013671875,386.1864013671875
437,16,44,random,5.667558193206787,18,0.003456294536590576,0.9997143745422363,0.9906513094902039,0.9941076040267944,5008.1572265625,-8.157463073730469,8.157463073730469
438,30,44,random,4.048639297485352,19,0.01744610071182251,0.979287326335907,0.9771583676338196,0.9946044683456421,5568.330078125,-568.329833984375,568.329833984375
439,65,44,random,5.967065334320068,17,0.0025617480278015137,0.9944313764572144,0.9921185970306396,0.9946803450584412,5099.72607421875,-99.72607421875,99.72607421875
440,71,44,random,6.507262706756592,26,0.0014925599098205566,0.9979262948036194,0.9872861504554749,0.9887787103652954,5224.88720703125,-224.88729858398438,224.88729858398438
441,75,44,random,8.235322952270508,21,0.0002651214599609375,0.9972840547561646,0.9925047159194946,0.9927698373794556,5012.77197265625,-12.7720947265625,12.7720947265625
442,85,44,random,5.459044933319092,23,0.004257619380950928,1.0,0.9890879988670349,0.9933456182479858,5056.42041015625,-56.420257568359375,56.420257568359375
443,90,44,random,7.982235908508301,23,0.0003414750099182129,0.9997417330741882,0.9944526553153992,0.9947941303253174,5141.7978515625,-141.79795837402344,141.79795837402344
444,100,44,random,4.496213912963867,14,0.011151134967803955,0.9848325848579407,0.9840074181556702,0.9951585531234741,5144.32373046875,-144.32354736328125,144.32354736328125
445,110,44,random,5.727523326873779,17,0.003255128860473633,0.9928621649742126,0.9917477965354919,0.9950029253959656,5033.0009765625,-33.00091552734375,33.00091552734375
446,160,44,random,4.65652322769165,19,0.009499430656433105,0.9867804050445557,0.9850063920021057,0.9945058226585388,5022.548828125,-22.54888916015625,22.54888916015625
447,175,44,random,6.151254653930664,18,0.0021308064460754395,0.995739758014679,0.9910897612571716,0.9932205677032471,5192.55224609375,-192.55227661132812,192.55227661132812
448,190,44,random,27.63102149963379,21,0.0,0.9993958473205566,0.9887862205505371,0.9887862205505371,5556.0654296875,-556.0654907226562,556.0654907226562
449,191,44,random,5.002604007720947,21,0.006720423698425293,1.0,0.9886052012443542,0.9953256249427795,5078.7626953125,-78.76266479492188,78.76266479492188
450,193,44,random,6.2467217445373535,19,0.001936793327331543,0.9951204061508179,0.9868079423904419,0.9887447357177734,5435.9365234375,-435.9367370605469,435.9367370605469
451,11,45,random,4.56501579284668,22,0.010409712791442871,0.9855665564537048,0.9849538207054138,0.9953635334968567,5187.298828125,-187.29876708984375,187.29876708984375
452,13,45,random,27.63102149963379,27,0.0,0.9862127900123596,0.9942440986633301,0.9942440986633301,5023.0927734375,-23.092742919921875,23.092742919921875
453,15,45,random,27.63102149963379,24,0.0,0.9970117211341858,0.9928001165390015,0.9928001165390015,5015.02978515625,-15.029815673828125,15.029815673828125
454,54,45,random,6.2921462059021,16,0.0018507838249206543,0.9870463609695435,0.9932811856269836,0.9951319694519043,5401.32470703125,-401.32470703125,401.32470703125
455,64,45,random,5.494192600250244,22,0.004110574722290039,0.9967721700668335,0.9910897612571716,0.9952003359794617,5517.01123046875,-517.01123046875,517.01123046875
456,78,45,random,27.63102149963379,25,0.0,0.9930169582366943,0.995591402053833,0.995591402053833,5086.62744140625,-86.62750244140625,86.62750244140625
457,79,45,random,5.599643230438232,29,0.003699183464050293,0.9885315299034119,0.9886768460273743,0.9923760294914246,5119.7412109375,-119.74119567871094,119.74119567871094
458,81,45,random,6.0196099281311035,23,0.0024306178092956543,1.0,0.9928114414215088,0.9952420592308044,5250.49609375,-250.49588012695312,250.49588012695312
459,83,45,random,27.63102149963379,23,0.0,0.9869357943534851,0.9956712126731873,0.9956712126731873,5070.10009765625,-70.10031127929688,70.10031127929688
460,87,45,random,7.057775020599365,24,0.0008606910705566406,0.9959482550621033,0.9935047626495361,0.9943654537200928,5270.583984375,-270.583740234375,270.583740234375
461,89,45,random,27.63102149963379,25,0.0,0.992641270160675,0.9939444661140442,0.9939444661140442,5199.96923828125,-199.96934509277344,199.96934509277344
462,94,45,random,6.423200607299805,27,0.0016234517097473145,0.9926097989082336,0.9935540556907654,0.9951775074005127,5154.66357421875,-154.66375732421875,154.66375732421875
463,135,45,random,27.63102149963379,20,0.0,1.0,0.9906474947929382,0.9906474947929382,5247.81689453125,-247.81695556640625,247.81695556640625
464,154,45,random,3.7116222381591797,18,0.02443784475326538,0.9693094491958618,0.9696317315101624,0.9940695762634277,5134.7802734375,-134.78048706054688,134.78048706054688
465,159,45,random,5.204761028289795,27,0.005490362644195557,0.9805313944816589,0.9905379414558411,0.9960283041000366,5389.29345703125,-389.2935485839844,389.2935485839844
466,161,45,random,27.63102149963379,11,0.0,0.9979397058486938,0.9926788806915283,0.9926788806915283,5134.7060546875,-134.70608520507812,134.70608520507812
467,169,45,random,6.4739203453063965,24,0.0015431642532348633,0.990300178527832,0.9931448101997375,0.9946879744529724,5067.78955078125,-67.78937530517578,67.78937530517578
468,181,45,random,27.63102149963379,24,0.0,0.9950061440467834,0.9947866201400757,0.9947866201400757,5055.7294921875,-55.729736328125,55.729736328125
469,188,45,random,27.63102149963379,23,0.0,1.0,0.995591402053833,0.995591402053833,5142.7392578125,-142.73907470703125,142.73907470703125
470,195,45,random,5.93496561050415,19,0.0026453137397766113,1.0,0.9921754598617554,0.994820773601532,5214.4423828125,-214.44256591796875,214.44256591796875
471,199,45,random,7.744984149932861,19,0.0004329085350036621,1.0,0.9951775074005127,0.9956104159355164,5116.63623046875,-116.63636779785156,116.63636779785156
472,201,45,random,6.655732154846191,24,0.001286625862121582,0.9915440678596497,0.9943161606788635,0.9956027865409851,5031.60693359375,-31.6070556640625,31.6070556640625
473,219,45,random,6.244968891143799,25,0.0019401907920837402,1.0,0.9924176931381226,0.9943578839302063,5179.41845703125,-179.41830444335938,179.41830444335938
474,222,45,random,5.976744651794434,10,0.002537071704864502,0.9997976422309875,0.9913923144340515,0.993929386138916,5224.78173828125,-224.7815399169922,224.7815399169922
475,233,45,random,27.63102149963379,27,0.0,0.9992480278015137,0.9950180649757385,0.9950180649757385,5102.71142578125,-102.71124267578125,102.71124267578125
476,255,45,random,27.63102149963379,19,0.0,0.9952672719955444,0.9954470992088318,0.9954470992088318,5187.61962890625,-187.61964416503906,187.61964416503906
477,2,46,random,4.8668413162231445,24,0.007697641849517822,0.9876487255096436,0.9848411679267883,0.9925388097763062,5051.52490234375,-51.524810791015625,51.524810791015625
478,31,46,random,4.810024738311768,15,0.008147656917572021,0.9780939221382141,0.9852131009101868,0.9933607578277588,5244.5615234375,-244.56146240234375,244.56146240234375
479,32,46,random,4.549871921539307,23,0.010568559169769287,0.9816759824752808,0.9824246764183044,0.9929932355880737,5515.50146484375,-515.50146484375,515.50146484375
480,46,46,random,27.63102149963379,25,0.0,1.0,0.995405375957489,0.995405375957489,5089.52099609375,-89.52098083496094,89.52098083496094
481,98,46,random,27.63102149963379,21,0.0,1.0,0.9941644072532654,0.9941644072532654,5003.787109375,-3.7872314453125,3.7872314453125
482,99,46,random,4.355029582977295,23,0.012842059135437012,0.9917340278625488,0.9799580574035645,0.9928001165390015,5269.6005859375,-269.6006774902344,269.6006774902344
483,131,46,random,27.63102149963379,20,0.0,1.0,0.9929251074790955,0.9929251074790955,5025.0146484375,-25.014617919921875,25.014617919921875
484,163,46,random,5.996796607971191,25,0.002486705780029297,1.0,0.9924744367599487,0.994961142539978,5131.751953125,-131.75196838378906,131.75196838378906
485,194,46,random,5.376776695251465,23,0.004622697830200195,1.0,0.9901790618896484,0.9948017597198486,5482.40185546875,-482.4017333984375,482.4017333984375
486,205,46,random,3.7303130626678467,20,0.023985326290130615,0.9825112819671631,0.9689624905586243,0.9929478168487549,5256.48388671875,-256.48382568359375,256.48382568359375
487,208,46,random,6.375,17,0.0017036199569702148,0.9890379905700684,0.9915738105773926,0.9932774305343628,5041.6689453125,-41.669158935546875,41.669158935546875
488,213,46,random,27.63102149963379,22,0.0,1.0,0.9934289455413818,0.9934289455413818,5030.01513671875,-30.01531982421875,30.01531982421875
489,235,46,random,27.63102149963379,22,0.0,0.9947009682655334,0.9954281449317932,0.9954281449317932,5193.42236328125,-193.42242431640625,193.42242431640625
490,254,46,random,5.472008228302002,13,0.004202783107757568,1.0,0.989563524723053,0.9937663078308105,5341.94140625,-341.9415283203125,341.9415283203125
491,21,47,random,4.917773723602295,23,0.007315397262573242,1.0,0.9884241223335266,0.9957395195960999,5966.8544921875,-966.8544311523438,966.8544311523438
492,52,47,random,7.047029495239258,13,0.0008699893951416016,0.9827386140823364,0.9868417978286743,0.9877117872238159,5048.89453125,-48.8944091796875,48.8944091796875
493,168,47,random,7.418613433837891,26,0.000599980354309082,1.0,0.9950712323188782,0.9956712126731873,5077.35791015625,-77.35782623291016,77.35782623291016
494,186,47,random,7.000970363616943,23,0.0009109973907470703,1.0,0.9945855140686035,0.9954965114593506,5041.86767578125,-41.86756896972656,41.86756896972656
495,214,47,random,27.63102149963379,24,0.0,0.9885200262069702,0.9892956018447876,0.9892956018447876,5036.00146484375,-36.001251220703125,36.001251220703125
496,55,48,random,5.412838935852051,14,0.004458963871002197,0.9972983598709106,0.990043044090271,0.9945020079612732,5249.46484375,-249.46484375,249.46484375
497,88,48,random,27.63102149963379,23,0.0,0.9976967573165894,0.994350254535675,0.994350254535675,5025.0224609375,-25.02263641357422,25.02263641357422
498,220,48,random,27.63102149963379,26,0.0,0.9866542816162109,0.992341935634613,0.992341935634613,5262.35400390625,-262.3537902832031,262.3537902832031
499,10,49,random,4.244828224182129,17,0.014338195323944092,0.9852240681648254,0.9804067015647888,0.9947448968887329,5431.46875,-431.4689636230469,431.4689636230469
500,62,49,random,6.734848499298096,8,0.0011887550354003906,0.992476761341095,0.9886919260025024,0.9898806810379028,5557.7275390625,-557.727783203125,557.727783203125
501,76,49,random,27.63102149963379,20,0.0,0.9940782785415649,0.9950674176216125,0.9950674176216125,5013.86376953125,-13.863906860351562,13.863906860351562
502,112,49,random,4.416622638702393,10,0.012074947357177734,0.9937675595283508,0.9834632873535156,0.9955382347106934,5352.0400390625,-352.039794921875,352.039794921875
503,123,49,random,27.63102149963379,27,0.0,0.9963048100471497,0.9948890805244446,0.9948890805244446,5160.41064453125,-160.41073608398438,160.41073608398438
504,133,49,random,4.287422180175781,19,0.013740301132202148,0.9947628974914551,0.9816080331802368,0.995348334312439,5339.212890625,-339.2127990722656,339.2127990722656
505,134,49,random,6.921693325042725,27,0.0009861588478088379,1.0,0.9938269853591919,0.9948131442070007,5084.173828125,-84.173828125,84.173828125
506,182,49,random,27.63102149963379,27,0.0,0.99699866771698,0.9939748644828796,0.9939748644828796,5014.02734375,-14.027557373046875,14.027557373046875
507,221,49,random,6.538536071777344,17,0.0014466047286987305,0.9871587753295898,0.9946120381355286,0.9960586428642273,5103.4453125,-103.44541931152344,103.44541931152344
508,236,49,random,27.63102149963379,26,0.0,0.9978914260864258,0.9939103722572327,0.9939103722572327,5040.0859375,-40.0858154296875,40.0858154296875
509,4,50,random,4.2208452224731445,17,0.014686226844787598,0.9883914589881897,0.9800813794136047,0.9947676062583923,5291.3505859375,-291.350830078125,291.350830078125
510,39,50,random,4.761853218078613,22,0.008549749851226807,0.9827638864517212,0.9856867790222168,0.9942365288734436,5172.787109375,-172.78732299804688,172.78732299804688
511,68,50,random,5.572964668273926,22,0.0037992000579833984,1.0,0.9890918135643005,0.9928910136222839,5242.7802734375,-242.78033447265625,242.78033447265625
