episode_index,lane,step_count,action_mode,return,episode_length,regret,best_value,best_oracle_value,ground_truth,budget_used,remaining_budget,budget_overshoot
0,63,8,argmax,27.63102149963379,8,0.0,0.9938248991966248,0.995686411857605,0.995686411857605,5020.41845703125,-20.418411254882812,20.418411254882812
1,146,8,argmax,27.63102149963379,8,0.0,0.9983801245689392,0.994957447052002,0.994957447052002,5674.6083984375,-674.608642578125,674.608642578125
2,237,8,argmax,5.770666122436523,8,0.003117680549621582,0.9883926510810852,0.989072859287262,0.9921905398368835,5160.685546875,-160.6856689453125,160.6856689453125
3,33,9,argmax,27.63102149963379,9,0.0,0.9966426491737366,0.995124340057373,0.995124340057373,5556.5830078125,-556.5828857421875,556.5828857421875
4,233,9,argmax,4.8510847091674805,9,0.007819890975952148,0.9774935245513916,0.9830694794654846,0.9908893704414368,5470.9052734375,-470.9053955078125,470.9053955078125
5,81,10,argmax,6.3214592933654785,10,0.001797318458557129,0.9986497759819031,0.9930917620658875,0.9948890805244446,5045.22216796875,-45.222381591796875,45.222381591796875
6,142,10,argmax,27.63102149963379,10,0.0,0.9803170561790466,0.9892465472221375,0.9892465472221375,5453.27490234375,-453.2750244140625,453.2750244140625
7,219,10,argmax,5.080438613891602,10,0.00621718168258667,0.9895527362823486,0.9882544875144958,0.9944716691970825,5095.3759765625,-95.37593078613281,95.37593078613281
8,69,11,argmax,5.057971477508545,11,0.006358444690704346,0.9995166063308716,0.9878097772598267,0.994168221950531,5009.2998046875,-9.2998046875,9.2998046875
9,97,11,argmax,27.63102149963379,11,0.0,1.0,0.9959636926651001,0.9959636926651001,5167.4912109375,-167.49130249023438,167.49130249023438
10,112,11,argmax,27.63102149963379,11,0.0,0.9966737627983093,0.992398738861084,0.992398738861084,5598.982421875,-598.9823608398438,598.9823608398438
11,185,11,argmax,7.235232830047607,11,0.0007207393646240234,1.0,0.9941341280937195,0.9948548674583435,5277.015625,-277.0155029296875,277.0155029296875
12,206,11,argmax,4.737364768981934,11,0.008761703968048096,0.9962030649185181,0.9873577356338501,0.9961194396018982,5353.35595703125,-353.35614013671875,353.35614013671875
13,255,11,argmax,27.63102149963379,11,0.0,1.0,0.9933872818946838,0.9933872818946838,5789.1865234375,-789.1864013671875,789.1864013671875
14,15,12,argmax,4.5575432777404785,12,0.010487794876098633,0.9832639694213867,0.9823009967803955,0.9927887916564941,5165.87939453125,-165.87936401367188,165.87936401367188
15,116,12,argmax,27.63102149963379,12,0.0,1.0,0.9933229088783264,0.9933229088783264,5190.4599609375,-190.4598388671875,190.4598388671875
16,149,12,argmax,5.227156639099121,12,0.00536876916885376,0.9938670992851257,0.988446831703186,0.9938156008720398,5388.44921875,-388.448974609375,388.448974609375
17,204,12,argmax,3.691523313522339,12,0.024933993816375732,0.9825800061225891,0.9687185883522034,0.9936525821685791,5248.23388671875,-248.2340087890625,248.2340087890625
18,17,13,argmax,5.943996429443359,13,0.0026215314865112305,0.9790175557136536,0.9903566241264343,0.9929781556129456,5033.8115234375,-33.811553955078125,33.811553955078125
19,18,13,argmax,27.63102149963379,13,0.0,0.987634003162384,0.9946954846382141,0.9946954846382141,5264.37353515625,-264.37359619140625,264.37359619140625
20,87,13,argmax,4.638133525848389,13,0.009675741195678711,0.9993778467178345,0.9844204783439636,0.9940962195396423,6576.18310546875,-1576.18310546875,1576.18310546875
21,91,13,argmax,4.893218994140625,13,0.007497251033782959,0.983803927898407,0.9873614311218262,0.9948586821556091,5225.8896484375,-225.88946533203125,225.88946533203125
22,94,13,argmax,4.875832557678223,13,0.007628738880157471,0.9698527455329895,0.9827882647514343,0.9904170036315918,5342.68994140625,-342.6899108886719,342.6899108886719
23,99,13,argmax,6.909796714782715,13,0.0009979605674743652,0.9797418713569641,0.9942479133605957,0.9952458739280701,5311.92138671875,-311.9212646484375,311.9212646484375
24,129,13,argmax,4.981619834899902,13,0.006862938404083252,0.9911623597145081,0.9877946376800537,0.994657576084137,5295.98681640625,-295.9866638183594,295.9866638183594
25,134,13,argmax,4.894443988800049,13,0.007488071918487549,1.0,0.9876477122306824,0.9951357841491699,6333.35107421875,-1333.35107421875,1333.35107421875
26,140,13,argmax,4.757519245147705,13,0.008586883544921875,0.9979718923568726,0.986476719379425,0.9950636029243469,5063.19921875,-63.19914245605469,63.19914245605469
27,143,13,argmax,4.115466594696045,13,0.016318321228027344,0.9854962229728699,0.9784340858459473,0.9947524070739746,5147.35009765625,-147.34991455078125,147.34991455078125
28,169,13,argmax,27.63102149963379,13,0.0,0.9843012094497681,0.9926031231880188,0.9926031231880188,5151.0498046875,-151.04995727539062,151.04995727539062
29,173,13,argmax,7.438277244567871,13,0.0005882978439331055,0.9898496270179749,0.9946765899658203,0.9952648878097534,5358.8671875,-358.8673095703125,358.8673095703125
30,203,13,argmax,6.762710094451904,13,0.0011560916900634766,1.0,0.9930728077888489,0.9942288994789124,5403.5908203125,-403.59088134765625,403.59088134765625
31,221,13,argmax,27.63102149963379,13,0.0,1.0,0.9953218102455139,0.9953218102455139,5041.76513671875,-41.765037536621094,41.765037536621094
32,8,14,argmax,7.198694229125977,14,0.0007475614547729492,1.0,0.9943578839302063,0.9951054453849792,5177.05908203125,-177.05917358398438,177.05917358398438
33,35,14,argmax,5.921603679656982,14,0.0026808977127075195,0.994018018245697,0.9912750124931335,0.9939559102058411,5660.90966796875,-660.9095458984375,660.9095458984375
34,36,14,argmax,6.6480255126953125,14,0.0012965798377990723,0.9983273148536682,0.9932092428207397,0.9945058226585388,5207.73486328125,-207.73492431640625,207.73492431640625
35,107,14,argmax,4.350888729095459,14,0.012895345687866211,0.9859895706176758,0.9808406829833984,0.9937360286712646,5012.2421875,-12.2423095703125,12.2423095703125
36,111,14,argmax,5.654060363769531,14,0.003503262996673584,0.9913223385810852,0.9889408946037292,0.9924441576004028,6640.08203125,-1640.081787109375,1640.081787109375
37,118,14,argmax,4.803062915802002,14,0.00820457935333252,0.9960572719573975,0.9856755137443542,0.9938800930976868,5103.15625,-103.156494140625,103.156494140625
38,121,14,argmax,3.986820936203003,14,0.018558621406555176,0.991888701915741,0.9733859300613403,0.9919445514678955,5113.11279296875,-113.11294555664062,113.11294555664062
39,126,14,argmax,27.63102149963379,14,0.0,0.9856045842170715,0.992652416229248,0.992652416229248,5061.30126953125,-61.3013916015625,61.3013916015625
40,167,14,argmax,27.63102149963379,14,0.0,0.979354977607727,0.9941909909248352,0.9941909909248352,5210.85107421875,-210.85098266601562,210.85098266601562
41,168,14,argmax,4.913740634918213,14,0.007344961166381836,0.9834787845611572,0.9878060221672058,0.9951509833335876,5471.33203125,-471.3318176269531,471.3318176269531
42,182,14,argmax,5.422914981842041,14,0.004414260387420654,0.9882950782775879,0.9902395009994507,0.9946537613868713,5066.2265625,-66.22674560546875,66.22674560546875
43,183,14,argmax,5.815393924713135,14,0.0029813051223754883,0.9763861894607544,0.9865482449531555,0.989529550075531,5033.70849609375,-33.708526611328125,33.708526611328125
44,199,14,argmax,27.63102149963379,14,0.0,0.9864882230758667,0.9910217523574829,0.9910217523574829,5269.8740234375,-269.873779296875,269.873779296875
45,250,14,argmax,5.456765651702881,14,0.004267334938049316,0.9954131245613098,0.989582359790802,0.9938496947288513,5075.48046875,-75.48028564453125,75.48028564453125
46,43,15,argmax,4.683300971984863,15,0.009248435497283936,0.9801247715950012,0.9845330715179443,0.9937815070152283,5374.74658203125,-374.7464599609375,374.7464599609375
47,58,15,argmax,3.861241102218628,15,0.0210418701171875,0.9670395255088806,0.973289430141449,0.9943313002586365,5588.6328125,-588.6326293945312,588.6326293945312
48,68,15,argmax,27.63102149963379,15,0.0,0.9961720108985901,0.994642436504364,0.994642436504364,5095.81494140625,-95.81494903564453,95.81494903564453
49,133,15,argmax,9.080674171447754,15,0.0001138448715209961,0.9991382956504822,0.9944185614585876,0.9945324063301086,5065.26708984375,-65.26730346679688,65.26730346679688
50,160,15,argmax,27.63102149963379,15,0.0,1.0,0.9952496886253357,0.9952496886253357,5140.626953125,-140.627197265625,140.627197265625
51,184,15,argmax,5.2203850746154785,15,0.005405247211456299,0.9900962114334106,0.9847359657287598,0.9901412129402161,5077.78564453125,-77.78569030761719,77.78569030761719
52,217,15,argmax,6.147401809692383,15,0.0021390318870544434,0.9879770278930664,0.9914187788963318,0.9935578107833862,5241.4912109375,-241.49098205566406,241.49098205566406
53,236,15,argmax,5.435948848724365,15,0.004357099533081055,0.9946284294128418,0.9901676774024963,0.9945247769355774,5140.64697265625,-140.64695739746094,140.64695739746094
54,248,15,argmax,27.63102149963379,15,0.0,1.0,0.9958649277687073,0.9958649277687073,5016.70068359375,-16.70062255859375,16.70062255859375
55,5,16,argmax,27.63102149963379,16,0.0,1.0,0.9959332942962646,0.9959332942962646,6785.92529296875,-1785.92529296875,1785.92529296875
56,16,16,argmax,6.115346908569336,16,0.002208709716796875,1.0,0.9937549829483032,0.9959636926651001,5085.36181640625,-85.36175537109375,85.36175537109375
57,19,16,argmax,27.63102149963379,16,0.0,0.996351957321167,0.9878851175308228,0.9878851175308228,5160.21533203125,-160.21551513671875,160.21551513671875
58,49,16,argmax,5.229279518127441,16,0.00535738468170166,0.9985140562057495,0.9884241223335266,0.9937815070152283,5190.49560546875,-190.49554443359375,190.49554443359375
59,52,16,argmax,5.450375080108643,16,0.004294693470001221,1.0,0.9888842701911926,0.9931789636611938,5056.638671875,-56.6385498046875,56.6385498046875
60,115,16,argmax,27.63102149963379,16,0.0,0.9950659871101379,0.9928304553031921,0.9928304553031921,5183.6904296875,-183.69029235839844,183.69029235839844
61,136,16,argmax,5.3707475662231445,16,0.0046506524085998535,0.9785773754119873,0.9864391088485718,0.9910897612571716,5640.27880859375,-640.2789916992188,640.2789916992188
62,157,16,argmax,6.197278022766113,16,0.0020349621772766113,0.9997214674949646,0.992383599281311,0.9944185614585876,5461.04736328125,-461.04730224609375,461.04730224609375
63,191,16,argmax,3.9546892642974854,16,0.019164621829986572,0.9761541485786438,0.9735938906669617,0.9927585124969482,5215.65771484375,-215.65792846679688,215.65792846679688
64,197,16,argmax,4.163107395172119,16,0.015559136867523193,1.0,0.9776803851127625,0.9932395219802856,5528.32470703125,-528.3245239257812,528.3245239257812
65,200,16,argmax,4.606554985046387,16,0.009986162185668945,0.9719985127449036,0.9839962124824524,0.9939823746681213,5295.44287109375,-295.44287109375,295.44287109375
66,223,16,argmax,27.63102149963379,16,0.0,0.9940646290779114,0.9959408640861511,0.9959408640861511,5168.04541015625,-168.04547119140625,168.04547119140625
67,20,17,argmax,27.63102149963379,17,0.0,0.9885825514793396,0.9948321580886841,0.9948321580886841,5144.5634765625,-144.5634307861328,144.5634307861328
68,50,17,argmax,7.1690778732299805,17,0.0007700324058532715,0.993360161781311,0.993986189365387,0.9947562217712402,5222.70458984375,-222.70468139648438,222.70468139648438
69,85,17,argmax,6.993929386138916,17,0.0009174346923828125,0.9998183250427246,0.9933797717094421,0.994297206401825,5171.783203125,-171.7833251953125,171.7833251953125
70,93,17,argmax,4.794923305511475,17,0.008271634578704834,0.9993573427200317,0.9841839075088501,0.9924555420875549,5156.27685546875,-156.27667236328125,156.27667236328125
71,100,17,argmax,4.883227825164795,17,0.007572531700134277,1.0,0.9862923622131348,0.993864893913269,5091.787109375,-91.78730773925781,91.78730773925781
72,110,17,argmax,7.290136814117432,17,0.0006822347640991211,1.0,0.9932888150215149,0.993971049785614,6353.9560546875,-1353.9559326171875,1353.9559326171875
73,114,17,argmax,27.63102149963379,17,0.0,0.9994433522224426,0.9954850673675537,0.9954850673675537,6491.7822265625,-1491.781982421875,1491.781982421875
74,186,17,argmax,6.525966167449951,17,0.0014649033546447754,1.0,0.9941493272781372,0.995614230632782,5122.66259765625,-122.66256713867188,122.66256713867188
75,227,17,argmax,5.412437915802002,17,0.004460752010345459,1.0,0.99128258228302,0.9957433342933655,5121.89404296875,-121.89408874511719,121.89408874511719
76,246,17,argmax,5.750266075134277,17,0.003181934356689453,0.9870301485061646,0.9902281165122986,0.993410050868988,5130.1826171875,-130.18267822265625,130.18267822265625
77,2,18,argmax,27.63102149963379,18,0.0,0.9843872785568237,0.9936223030090332,0.9936223030090332,5344.84423828125,-344.8443603515625,344.8443603515625
78,13,18,argmax,27.63102149963379,18,0.0,0.9779610633850098,0.9925463795661926,0.9925463795661926,5077.3349609375,-77.3348388671875,77.3348388671875
79,73,18,argmax,27.63102149963379,18,0.0,0.9996054172515869,0.9937360286712646,0.9937360286712646,5014.02490234375,-14.02496337890625,14.02496337890625
80,76,18,argmax,6.204214572906494,18,0.002020895481109619,0.9867661595344543,0.9928871989250183,0.9949080944061279,5041.0927734375,-41.092559814453125,41.092559814453125
81,141,18,argmax,27.63102149963379,18,0.0,0.993958592414856,0.9945741295814514,0.9945741295814514,5598.0810546875,-598.0810546875,598.0810546875
82,156,18,argmax,7.06674861907959,18,0.0008530020713806152,0.9958049654960632,0.9933038949966431,0.9941568970680237,5098.4033203125,-98.40322875976562,98.40322875976562
83,176,18,argmax,27.63102149963379,18,0.0,0.9882174730300903,0.9919899702072144,0.9919899702072144,5213.654296875,-213.65420532226562,213.65420532226562
84,190,18,argmax,27.63102149963379,18,0.0,1.0,0.9931902289390564,0.9931902289390564,5059.3037109375,-59.303619384765625,59.303619384765625
85,196,18,argmax,27.63102149963379,18,0.0,0.9861655831336975,0.9933266639709473,0.9933266639709473,5360.447265625,-360.44744873046875,360.44744873046875
86,202,18,argmax,4.8592047691345215,18,0.007756650447845459,0.9865036606788635,0.9841501116752625,0.9919067621231079,5342.38671875,-342.38677978515625,342.38677978515625
87,213,18,argmax,27.63102149963379,18,0.0,0.9876462817192078,0.9949649572372437,0.9949649572372437,5293.478515625,-293.47857666015625,293.47857666015625
88,224,18,argmax,8.768043518066406,18,0.00015562772750854492,0.9978968501091003,0.9947258830070496,0.9948815107345581,5108.228515625,-108.2283935546875,108.2283935546875
89,241,18,argmax,5.273255348205566,18,0.005126893520355225,0.9804956316947937,0.9893068671226501,0.9944337606430054,5180.73681640625,-180.73681640625,180.73681640625
90,243,18,argmax,7.220945835113525,18,0.0007311105728149414,1.0,0.9926599860191345,0.9933910965919495,5083.974609375,-83.97447204589844,83.97447204589844
91,245,18,argmax,8.124558448791504,18,0.000296175479888916,0.984373152256012,0.9954433441162109,0.9957395195960999,5126.998046875,-126.9981918334961,126.9981918334961
92,251,18,argmax,27.63102149963379,18,0.0,0.9970852136611938,0.9949232339859009,0.9949232339859009,5343.689453125,-343.68951416015625,343.68951416015625
93,253,18,argmax,6.268625259399414,18,0.001894831657409668,1.0,0.9925123453140259,0.9944071769714355,5599.169921875,-599.170166015625,599.170166015625
94,11,19,argmax,5.333735466003418,19,0.004826009273529053,0.9756875038146973,0.9859613180160522,0.9907873272895813,5016.666015625,-16.666168212890625,16.666168212890625
95,12,19,argmax,27.63102149963379,19,0.0,1.0,0.9932547211647034,0.9932547211647034,5095.27978515625,-95.28001403808594,95.28001403808594
96,21,19,argmax,5.089655876159668,19,0.006160140037536621,0.9801637530326843,0.9845932126045227,0.9907533526420593,5176.85498046875,-176.85476684570312,176.85476684570312
97,30,19,argmax,8.041378021240234,19,0.0003218650817871094,0.9997364282608032,0.9924706220626831,0.9927924871444702,5046.11328125,-46.113433837890625,46.113433837890625
98,32,19,argmax,4.796632289886475,19,0.008257508277893066,0.9965086579322815,0.9865708351135254,0.9948283433914185,6357.15576171875,-1357.15576171875,1357.15576171875
99,34,19,argmax,27.63102149963379,19,0.0,1.0,0.9949270486831665,0.9949270486831665,5069.43359375,-69.433837890625,69.433837890625
100,44,19,argmax,7.32047176361084,19,0.0006618499755859375,0.998894989490509,0.991025447845459,0.9916872978210449,5121.6826171875,-121.68246459960938,121.68246459960938
101,51,19,argmax,4.643531799316406,19,0.00962364673614502,0.9785832166671753,0.9818102121353149,0.99143385887146,6590.673828125,-1590.673583984375,1590.673583984375
102,57,19,argmax,5.9756879806518555,19,0.0025397539138793945,0.9865111708641052,0.9924365878105164,0.9949763417243958,5458.17236328125,-458.17230224609375,458.17230224609375
103,59,19,argmax,27.63102149963379,19,0.0,0.9957821369171143,0.9917364716529846,0.9917364716529846,5528.62646484375,-528.62646484375,528.62646484375
104,61,19,argmax,5.519865989685059,19,0.004006385803222656,0.9927032589912415,0.9897561073303223,0.9937624931335449,5450.4013671875,-450.4013366699219,450.4013366699219
105,78,19,argmax,27.63102149963379,19,0.0,1.0,0.9955837726593018,0.9955837726593018,5478.126953125,-478.1271667480469,478.1271667480469
106,83,19,argmax,6.974243640899658,19,0.000935673713684082,1.0,0.992542564868927,0.9934782385826111,6149.31787109375,-1149.31787109375,1149.31787109375
107,120,19,argmax,27.63102149963379,19,0.0,1.0,0.9954812526702881,0.9954812526702881,5253.54248046875,-253.54263305664062,253.54263305664062
108,125,19,argmax,27.63102149963379,19,0.0,0.9949211478233337,0.9929515719413757,0.9929515719413757,5085.1123046875,-85.11215209960938,85.11215209960938
109,127,19,argmax,4.691779613494873,19,0.009170353412628174,0.9993504285812378,0.9842965006828308,0.993466854095459,5358.099609375,-358.099853515625,358.099853515625
110,145,19,argmax,5.829954624176025,19,0.002938210964202881,0.9875653982162476,0.9923760294914246,0.9953142404556274,5212.453125,-212.45301818847656,212.45301818847656
111,153,19,argmax,6.670526504516602,19,0.0012677311897277832,1.0,0.994388222694397,0.9956559538841248,5098.537109375,-98.53701782226562,98.53701782226562
112,162,19,argmax,6.545067310333252,19,0.0014371871948242188,1.0,0.9933607578277588,0.994797945022583,5117.33154296875,-117.33169555664062,117.33169555664062
113,171,19,argmax,9.773820877075195,19,5.692243576049805e-05,0.9950560331344604,0.9957547783851624,0.9958117008209229,5395.654296875,-395.65435791015625,395.65435791015625
114,172,19,argmax,27.63102149963379,19,0.0,1.0,0.9942061901092529,0.9942061901092529,5007.50634765625,-7.5062255859375,7.5062255859375
115,180,19,argmax,27.63102149963379,19,0.0,0.9997521638870239,0.9912636280059814,0.9912636280059814,5035.416015625,-35.41607666015625,35.41607666015625
116,194,19,argmax,7.002279758453369,19,0.0009098052978515625,0.9969302415847778,0.9933570027351379,0.9942668080329895,5084.91259765625,-84.9126205444336,84.9126205444336
117,216,19,argmax,27.63102149963379,19,0.0,1.0,0.9942479133605957,0.9942479133605957,5143.60498046875,-143.6051788330078,143.6051788330078
118,228,19,argmax,5.03029203414917,19,0.006536900997161865,0.9906473159790039,0.9889709949493408,0.9955078959465027,6702.919921875,-1702.919921875,1702.919921875
119,230,19,argmax,27.63102149963379,19,0.0,0.9997243881225586,0.9950029253959656,0.9950029253959656,7528.46435546875,-2528.46435546875,2528.46435546875
120,232,19,argmax,5.663547992706299,19,0.003470182418823242,0.9954933524131775,0.9881300926208496,0.9916002750396729,6618.30859375,-1618.3087158203125,1618.3087158203125
121,238,19,argmax,4.152801990509033,19,0.01572030782699585,0.9775375723838806,0.9775722622871399,0.9932925701141357,5149.91796875,-149.91773986816406,149.91773986816406
122,239,19,argmax,5.887228488922119,19,0.002774655818939209,0.9885488152503967,0.9868643879890442,0.9896390438079834,5097.82275390625,-97.8228759765625,97.8228759765625
123,242,19,argmax,27.63102149963379,19,0.0,0.9930090308189392,0.9924555420875549,0.9924555420875549,5197.0595703125,-197.05950927734375,197.05950927734375
124,28,20,argmax,8.744575500488281,20,0.00015932321548461914,0.999846875667572,0.9941112995147705,0.9942706227302551,5389.10302734375,-389.10302734375,389.10302734375
125,47,20,argmax,27.63102149963379,20,0.0,0.9908756613731384,0.9941076040267944,0.9941076040267944,5061.09375,-61.0936279296875,61.0936279296875
126,92,20,argmax,27.63102149963379,20,0.0,0.9987196922302246,0.9922889471054077,0.9922889471054077,5240.0625,-240.06251525878906,240.06251525878906
127,95,20,argmax,27.63102149963379,20,0.0,0.9974750280380249,0.9932319521903992,0.9932319521903992,5051.6533203125,-51.65350341796875,51.65350341796875
128,96,20,argmax,5.215994834899902,20,0.00542902946472168,0.9971948862075806,0.9890540242195129,0.9944830536842346,5483.2587890625,-483.2588195800781,483.2588195800781
129,106,20,argmax,27.63102149963379,20,0.0,1.0,0.9952420592308044,0.9952420592308044,5177.01513671875,-177.0150909423828,177.0150909423828
130,123,20,argmax,27.63102149963379,20,0.0,1.0,0.9957623481750488,0.9957623481750488,5134.3310546875,-134.33108520507812,134.33108520507812
131,131,20,argmax,27.63102149963379,20,0.0,1.0,0.9938914775848389,0.9938914775848389,5254.7587890625,-254.75857543945312,254.75857543945312
132,137,20,argmax,27.63102149963379,20,0.0,0.9967812895774841,0.9956369996070862,0.9956369996070862,5182.48291015625,-182.48300170898438,182.48300170898438
133,151,20,argmax,4.277369499206543,20,0.013879120349884033,0.9811834692955017,0.9777363538742065,0.9916154742240906,5041.4921875,-41.4921875,41.4921875
134,154,20,argmax,27.63102149963379,20,0.0,0.9919479489326477,0.993194043636322,0.993194043636322,5316.552734375,-316.552978515625,316.552978515625
135,159,20,argmax,27.63102149963379,20,0.0,0.999254584312439,0.9951054453849792,0.9951054453849792,5037.01025390625,-37.01007080078125,37.01007080078125
136,164,20,argmax,5.664097785949707,20,0.0034682750701904297,0.9914647936820984,0.9919142723083496,0.99538254737854,5141.6669921875,-141.6671142578125,141.6671142578125
137,175,20,argmax,5.226479530334473,20,0.005372405052185059,0.9862073063850403,0.9842477440834045,0.9896201491355896,5287.2412109375,-287.2409973144531,287.2409973144531
138,225,20,argmax,27.63102149963379,20,0.0,1.0,0.9948473572731018,0.9948473572731018,5014.30859375,-14.3087158203125,14.3087158203125
139,45,21,argmax,27.63102149963379,21,0.0,0.9903272986412048,0.9948435425758362,0.9948435425758362,5117.06005859375,-117.06001281738281,117.06001281738281
140,46,21,argmax,27.63102149963379,21,0.0,0.9826678037643433,0.9870412945747375,0.9870412945747375,5092.43408203125,-92.43402099609375,92.43402099609375
141,56,21,argmax,5.3286967277526855,21,0.0048503875732421875,0.9982081055641174,0.9893861413002014,0.9942365288734436,5450.783203125,-450.783447265625,450.783447265625
142,60,21,argmax,7.533556938171387,21,0.0005348324775695801,0.9953538179397583,0.9939444661140442,0.9944792985916138,5521.06396484375,-521.0640869140625,521.0640869140625
143,75,21,argmax,27.63102149963379,21,0.0,1.0,0.9956825971603394,0.9956825971603394,5118.75927734375,-118.75917053222656,118.75917053222656
144,79,21,argmax,5.435155391693115,21,0.004360556602478027,0.997837483882904,0.9909612536430359,0.9953218102455139,5031.66650390625,-31.666507720947266,31.666507720947266
145,86,21,argmax,5.317819118499756,21,0.004903435707092285,1.0,0.9901336431503296,0.9950370788574219,5147.94091796875,-147.94068908691406,147.94068908691406
146,98,21,argmax,27.63102149963379,21,0.0,0.9964703321456909,0.9932205677032471,0.9932205677032471,5102.07666015625,-102.07675170898438,102.07675170898438
147,103,21,argmax,8.040267944335938,21,0.0003222227096557617,0.9988770484924316,0.9938914775848389,0.9942137002944946,5184.45361328125,-184.45370483398438,184.45370483398438
148,147,21,argmax,6.7904157638549805,21,0.0011245012283325195,0.9884466528892517,0.9919332265853882,0.9930577278137207,5113.4765625,-113.4766845703125,113.4766845703125
149,158,21,argmax,27.63102149963379,21,0.0,1.0,0.9949004650115967,0.9949004650115967,5260.8857421875,-260.885498046875,260.885498046875
150,177,21,argmax,6.993539333343506,21,0.0009177923202514648,0.9989315867424011,0.9937928915023804,0.9947106838226318,5469.48046875,-469.480224609375,469.480224609375
151,179,21,argmax,5.664682388305664,21,0.0034662485122680664,0.9859340786933899,0.9902507662773132,0.9937170147895813,5550.11865234375,-550.1187133789062,550.1187133789062
152,193,21,argmax,27.63102149963379,21,0.0,0.9950801730155945,0.994961142539978,0.994961142539978,5222.447265625,-222.44705200195312,222.44705200195312
153,249,21,argmax,6.8875298500061035,21,0.0010204315185546875,1.0,0.9938838481903076,0.9949042797088623,5194.41943359375,-194.41928100585938,194.41928100585938
154,37,22,argmax,4.756104469299316,22,0.008599042892456055,1.0,0.9852544665336609,0.9938535094261169,5218.49365234375,-218.49365234375,218.49365234375
155,38,22,argmax,27.63102149963379,22,0.0,0.9826463460922241,0.9915700554847717,0.9915700554847717,5390.07373046875,-390.0735168457031,390.0735168457031
156,41,22,argmax,27.63102149963379,22,0.0,0.9950516819953918,0.9910594820976257,0.9910594820976257,5017.98779296875,-17.987884521484375,17.987884521484375
157,42,22,argmax,4.6361517906188965,22,0.009694933891296387,0.9758560657501221,0.9821361303329468,0.9918310642242432,5680.6005859375,-680.6005859375,680.6005859375
158,82,22,argmax,27.63102149963379,22,0.0,0.9916481971740723,0.9917932152748108,0.9917932152748108,5114.8486328125,-114.84884643554688,114.84884643554688
159,101,22,argmax,27.63102149963379,22,0.0,0.9990118741989136,0.9961764812469482,0.9961764812469482,5019.28955078125,-19.28936767578125,19.28936767578125
160,128,22,argmax,5.808540344238281,22,0.0030018091201782227,0.9967734813690186,0.9920504689216614,0.9950522780418396,5387.546875,-387.547119140625,387.547119140625
161,132,22,argmax,27.63102149963379,22,0.0,0.9905624389648438,0.9940924048423767,0.9940924048423767,5172.96875,-172.96893310546875,172.96893310546875
162,138,22,argmax,27.63102149963379,22,0.0,0.987541913986206,0.993614673614502,0.993614673614502,5101.63525390625,-101.63540649414062,101.63540649414062
163,144,22,argmax,27.63102149963379,22,0.0,1.0,0.9956332445144653,0.9956332445144653,5187.41015625,-187.4100341796875,187.4100341796875
164,150,22,argmax,27.63102149963379,22,0.0,0.9948884844779968,0.9954395294189453,0.9954395294189453,5378.27197265625,-378.2718811035156,378.2718811035156
165,155,22,argmax,8.387526512145996,22,0.0002276897430419922,1.0,0.9946386218070984,0.9948663115501404,5144.53173828125,-144.53179931640625,144.53179931640625
166,195,22,argmax,5.927468299865723,22,0.002665221691131592,0.9732692241668701,0.9799355864524841,0.9826008081436157,5208.48583984375,-208.48582458496094,208.48582458496094
167,208,22,argmax,6.785551071166992,22,0.0011299848556518555,0.9941916465759277,0.9901261329650879,0.9912561178207397,5166.6669921875,-166.66690063476562,166.66690063476562
168,214,22,argmax,4.961151599884033,22,0.007004857063293457,0.9868849515914917,0.9874781966209412,0.9944830536842346,5024.0400390625,-24.039794921875,24.039794921875
169,220,22,argmax,8.118139266967773,22,0.0002980828285217285,1.0,0.9889257550239563,0.989223837852478,5531.2607421875,-531.2607421875,531.2607421875
170,234,22,argmax,5.112339973449707,22,0.006021976470947266,1.0,0.9885862469673157,0.9946082234382629,5659.8828125,-659.883056640625,659.883056640625
171,1,23,argmax,27.63102149963379,23,0.0,1.0,0.9941264986991882,0.9941264986991882,5044.234375,-44.23451232910156,44.23451232910156
172,22,23,argmax,6.395572662353516,23,0.0016689300537109375,0.9905694127082825,0.9912523627281189,0.9929212927818298,5400.3359375,-400.336181640625,400.336181640625
173,26,23,argmax,27.63102149963379,23,0.0,1.0,0.9932129383087158,0.9932129383087158,5049.71435546875,-49.71453857421875,49.71453857421875
174,65,23,argmax,27.63102149963379,23,0.0,1.0,0.9912485480308533,0.9912485480308533,5074.8583984375,-74.8583984375,74.8583984375
175,66,23,argmax,27.63102149963379,23,0.0,1.0,0.9953787922859192,0.9953787922859192,5136.73779296875,-136.73800659179688,136.73800659179688
176,84,23,argmax,5.237456798553467,23,0.005313754081726074,1.0,0.9880660176277161,0.9933797717094421,5041.189453125,-41.18944549560547,41.18944549560547
177,102,23,argmax,27.63102149963379,23,0.0,0.9996407628059387,0.9951281547546387,0.9951281547546387,5343.6904296875,-343.69024658203125,343.69024658203125
178,109,23,argmax,5.734856128692627,23,0.003231346607208252,0.9962606430053711,0.9914300441741943,0.9946613907814026,5054.77490234375,-54.77497100830078,54.77497100830078
179,122,23,argmax,5.174805641174316,23,0.005657315254211426,0.9936642050743103,0.9878550171852112,0.9935123324394226,5274.73583984375,-274.73602294921875,274.73602294921875
180,124,23,argmax,5.623218059539795,23,0.003612995147705078,0.9848114848136902,0.9920164346694946,0.9956294298171997,5044.6630859375,-44.663116455078125,44.663116455078125
181,148,23,argmax,5.45111083984375,23,0.004291534423828125,1.0,0.9908062815666199,0.995097815990448,5036.89990234375,-36.89977264404297,36.89977264404297
182,166,23,argmax,5.462073802947998,23,0.004244744777679443,0.9971501231193542,0.9860967397689819,0.9903414845466614,5422.28125,-422.28143310546875,422.28143310546875
183,181,23,argmax,5.016941547393799,23,0.006624758243560791,0.9895656108856201,0.9884920716285706,0.9951168298721313,5171.23046875,-171.23062133789062,171.23062133789062
184,218,23,argmax,5.980156898498535,23,0.0025284290313720703,1.0,0.9924555420875549,0.994983971118927,5189.47607421875,-189.47610473632812,189.47610473632812
185,226,23,argmax,27.63102149963379,23,0.0,1.0,0.9947941303253174,0.9947941303253174,5283.13330078125,-283.13336181640625,283.13336181640625
186,4,24,argmax,6.176494598388672,24,0.0020776987075805664,0.9955734610557556,0.992860734462738,0.9949384331703186,5343.78857421875,-343.7887878417969,343.7887878417969
187,71,24,argmax,27.63102149963379,24,0.0,1.0,0.9954357147216797,0.9954357147216797,5303.26220703125,-303.2621154785156,303.2621154785156
188,88,24,argmax,7.629636287689209,24,0.000485837459564209,1.0,0.9946803450584412,0.9951661825180054,5114.560546875,-114.56039428710938,114.56039428710938
189,89,24,argmax,6.501250743865967,24,0.0015015602111816406,0.9956435561180115,0.9932281374931335,0.9947296977043152,5083.58056640625,-83.58056640625,83.58056640625
190,117,24,argmax,6.364142894744873,24,0.0017222166061401367,0.9895167946815491,0.9935540556907654,0.9952762722969055,6332.7177734375,-1332.718017578125,1332.718017578125
191,192,24,argmax,27.63102149963379,24,0.0,0.9909557700157166,0.9922473430633545,0.9922473430633545,6835.9248046875,-1835.9248046875,1835.9248046875
192,210,24,argmax,5.646923065185547,24,0.0035283565521240234,1.0,0.9917289018630981,0.9952572584152222,5084.39453125,-84.39431762695312,84.39431762695312
193,215,24,argmax,27.63102149963379,24,0.0,1.0,0.9917099475860596,0.9917099475860596,5176.3203125,-176.32022094726562,176.32022094726562
194,244,24,argmax,7.364191055297852,24,0.000633537769317627,0.9893621206283569,0.9942213296890259,0.9948548674583435,5336.15283203125,-336.15301513671875,336.15301513671875
195,7,25,argmax,7.771633625030518,25,0.0004215240478515625,0.9938551187515259,0.9951736927032471,0.9955952167510986,5081.51513671875,-81.51519775390625,81.51519775390625
196,9,25,argmax,27.63102149963379,25,0.0,0.9855675101280212,0.9941530823707581,0.9941530823707581,5317.5712890625,-317.57147216796875,317.57147216796875
197,23,25,argmax,27.63102149963379,25,0.0,0.9864451885223389,0.9951661825180054,0.9951661825180054,7193.69384765625,-2193.69384765625,2193.69384765625
198,31,25,argmax,27.63102149963379,25,0.0,0.995713472366333,0.9934896230697632,0.9934896230697632,5003.78759765625,-3.787689208984375,3.787689208984375
199,39,25,argmax,5.373365879058838,25,0.004638493061065674,0.995018720626831,0.9878625273704529,0.9925010204315186,5096.626953125,-96.62718200683594,96.62718200683594
200,62,25,argmax,5.592594623565674,25,0.0037253499031066895,0.9978624582290649,0.9895899295806885,0.9933152794837952,5214.76611328125,-214.76602172851562,214.76602172851562
201,64,25,argmax,6.2242937088012695,25,0.001980721950531006,0.9984434843063354,0.9899411201477051,0.9919218420982361,5118.49951171875,-118.4996109008789,118.4996109008789
202,72,25,argmax,27.63102149963379,25,0.0,0.9945196509361267,0.994350254535675,0.994350254535675,5121.2275390625,-121.22758483886719,121.22758483886719
203,188,25,argmax,27.63102149963379,25,0.0,0.9917165637016296,0.995857298374176,0.995857298374176,5133.73583984375,-133.73568725585938,133.73568725585938
204,212,25,argmax,27.63102149963379,25,0.0,1.0,0.992750883102417,0.992750883102417,5174.9609375,-174.96078491210938,174.96078491210938
205,254,25,argmax,27.63102149963379,25,0.0,0.986295759677887,0.9941872358322144,0.9941872358322144,5182.98828125,-182.98846435546875,182.98846435546875
206,5,26,argmax,5.022851943969727,10,0.00658571720123291,0.9874607920646667,0.9866121411323547,0.9931978583335876,5541.2470703125,-541.246826171875,541.246826171875
207,10,26,argmax,6.011744499206543,26,0.00244981050491333,0.9802150726318359,0.9928948283195496,0.9953446388244629,5131.5439453125,-131.5439453125,131.5439453125
208,14,26,argmax,27.63102149963379,26,0.0,1.0,0.9927016496658325,0.9927016496658325,5157.455078125,-157.454833984375,157.454833984375
209,40,26,argmax,27.63102149963379,26,0.0,0.9980463981628418,0.9962106943130493,0.9962106943130493,5192.71044921875,-192.71044921875,192.71044921875
210,130,26,argmax,9.591499328613281,26,6.830692291259766e-05,0.9897715449333191,0.9949801564216614,0.995048463344574,6105.12646484375,-1105.1265869140625,1105.1265869140625
211,173,26,argmax,5.681747913360596,13,0.003407597541809082,0.9765012860298157,0.9875498414039612,0.9909574389457703,5534.16064453125,-534.1604614257812,534.1604614257812
212,178,26,argmax,5.273988246917725,26,0.005123138427734375,0.9897520542144775,0.9871280193328857,0.9922511577606201,5082.34814453125,-82.34791564941406,82.34791564941406
213,187,26,argmax,5.207685470581055,26,0.0054743289947509766,0.9845483899116516,0.9890125393867493,0.9944868683815002,5039.94287109375,-39.942840576171875,39.942840576171875
214,189,26,argmax,6.5365190505981445,26,0.0014495253562927246,0.9815002679824829,0.9939975738525391,0.9954470992088318,5102.0205078125,-102.02055358886719,102.02055358886719
215,198,26,argmax,5.113617420196533,26,0.00601428747177124,0.9855738878250122,0.9873200058937073,0.9933342933654785,6519.42529296875,-1519.42529296875,1519.42529296875
216,231,26,argmax,6.987776279449463,26,0.0009230971336364746,1.0,0.9912636280059814,0.9921867251396179,5149.40478515625,-149.40478515625,149.40478515625
217,240,26,argmax,27.63102149963379,26,0.0,1.0,0.995405375957489,0.995405375957489,5082.88623046875,-82.88644409179688,82.88644409179688
218,252,26,argmax,5.1291985511779785,26,0.005921304225921631,1.0,0.9888842701911926,0.9948055744171143,5057.41552734375,-57.41569519042969,57.41569519042969
219,53,27,argmax,27.63102149963379,27,0.0,0.9902704358100891,0.9929705262184143,0.9929705262184143,5181.607421875,-181.6074981689453,181.6074981689453
220,63,27,argmax,27.63102149963379,19,0.0,1.0,0.995405375957489,0.995405375957489,5510.34375,-510.3437805175781,510.3437805175781
221,77,27,argmax,5.895685195922852,27,0.002751290798187256,1.0,0.9920504689216614,0.9948017597198486,5547.94384765625,-547.9436645507812,547.9436645507812
222,139,27,argmax,27.63102149963379,27,0.0,1.0,0.9957168102264404,0.9957168102264404,5499.93408203125,-499.93402099609375,499.93402099609375
223,142,27,argmax,27.63102149963379,17,0.0,0.9965019226074219,0.9921640753746033,0.9921640753746033,5076.8037109375,-76.8037109375,76.8037109375
224,152,27,argmax,27.63102149963379,27,0.0,0.9994226694107056,0.9950826168060303,0.9950826168060303,5009.244140625,-9.244102478027344,9.244102478027344
225,170,27,argmax,27.63102149963379,27,0.0,0.9975898265838623,0.9935161471366882,0.9935161471366882,5162.146484375,-162.14639282226562,162.14639282226562
226,221,27,argmax,5.4484477043151855,14,0.004302978515625,1.0,0.9908138513565063,0.9951168298721313,5504.994140625,-504.9939270019531,504.9939270019531
227,235,27,argmax,27.63102149963379,27,0.0,0.9888046979904175,0.9958991408348083,0.9958991408348083,5281.4130859375,-281.41302490234375,281.41302490234375
228,54,28,argmax,27.63102149963379,28,0.0,0.9975315928459167,0.9941037893295288,0.9941037893295288,5350.80810546875,-350.80804443359375,350.80804443359375
229,69,28,argmax,27.63102149963379,17,0.0,1.0,0.9949194192886353,0.9949194192886353,5574.6298828125,-574.630126953125,574.630126953125
230,70,28,argmax,27.63102149963379,28,0.0,0.9947062730789185,0.9948663115501404,0.9948663115501404,5098.68212890625,-98.6822509765625,98.6822509765625
231,90,28,argmax,27.63102149963379,28,0.0,0.9876386523246765,0.9955458641052246,0.9955458641052246,5001.267578125,-1.267547607421875,1.267547607421875
232,112,28,argmax,5.391663551330566,17,0.004554390907287598,0.9969482421875,0.9909952282905579,0.9955496191978455,5092.98681640625,-92.98686218261719,92.98686218261719
233,153,28,argmax,3.7119247913360596,9,0.024430453777313232,0.9787434935569763,0.9703903198242188,0.994820773601532,5042.19091796875,-42.1907958984375,42.1907958984375
234,161,28,argmax,5.228089809417725,28,0.005363762378692627,0.9902893900871277,0.9889144897460938,0.9942782521247864,5287.640625,-287.6405334472656,287.6405334472656
235,174,28,argmax,27.63102149963379,28,0.0,0.9992435574531555,0.9956369996070862,0.9956369996070862,5808.28076171875,-808.28076171875,808.28076171875
236,205,28,argmax,27.63102149963379,28,0.0,0.9979228377342224,0.9941189289093018,0.9941189289093018,5100.572265625,-100.57220458984375,100.57220458984375
237,219,28,argmax,27.63102149963379,18,0.0,1.0,0.9954015612602234,0.9954015612602234,5225.43017578125,-225.43035888671875,225.43035888671875
238,0,29,argmax,6.547475814819336,29,0.001433730125427246,0.9992154240608215,0.9909422993659973,0.9923760294914246,5129.78515625,-129.78500366210938,129.78500366210938
239,29,29,argmax,4.793346405029297,29,0.008284687995910645,0.9807732105255127,0.9857318997383118,0.9940165877342224,5220.7080078125,-220.7080078125,220.7080078125
240,55,29,argmax,27.63102149963379,29,0.0,1.0,0.9959561228752136,0.9959561228752136,5522.87744140625,-522.8772583007812,522.8772583007812
241,80,29,argmax,6.661586284637451,29,0.0012791156768798828,0.9982165694236755,0.9943958520889282,0.9956749677658081,7135.125,-2135.124755859375,2135.124755859375
242,105,29,argmax,27.63102149963379,29,0.0,1.0,0.9944261908531189,0.9944261908531189,5239.5048828125,-239.5048828125,239.5048828125
243,108,29,argmax,27.63102149963379,29,0.0,1.0,0.9943048357963562,0.9943048357963562,5030.255859375,-30.255752563476562,30.255752563476562
244,115,29,argmax,5.561964988708496,13,0.003841221332550049,1.0,0.9911351203918457,0.9949763417243958,5050.5927734375,-50.592803955078125,50.592803955078125
245,119,29,argmax,27.63102149963379,29,0.0,1.0,0.9960776567459106,0.9960776567459106,5313.70751953125,-313.70758056640625,313.70758056640625
246,162,29,argmax,27.63102149963379,10,0.0,1.0,0.9957281351089478,0.9957281351089478,5011.8154296875,-11.815353393554688,11.815353393554688
247,229,29,argmax,5.088621139526367,29,0.006166517734527588,0.9927735924720764,0.9892616271972656,0.9954281449317932,5129.38623046875,-129.3861083984375,129.3861083984375
248,3,30,argmax,27.63102149963379,30,0.0,1.0,0.9952458739280701,0.9952458739280701,4043.96923828125,956.03076171875,0.0
249,6,30,argmax,27.63102149963379,30,0.0,1.0,0.99261075258255,0.99261075258255,5062.96728515625,-62.96728515625,62.96728515625
250,15,30,argmax,27.63102149963379,18,0.0,0.9980787634849548,0.9906664490699768,0.9906664490699768,5408.31689453125,-408.3170166015625,408.3170166015625
251,24,30,argmax,27.63102149963379,30,0.0,1.0,0.9957433342933655,0.9957433342933655,5091.935546875,-91.93545532226562,91.93545532226562
252,25,30,argmax,6.651802062988281,30,0.0012916922569274902,0.9992343187332153,0.9923306107521057,0.9936223030090332,4414.16357421875,585.8365478515625,0.0
253,27,30,argmax,3.8461413383483887,30,0.021362006664276123,0.9615916013717651,0.9730110168457031,0.9943730235099792,2786.71826171875,2213.28173828125,0.0
254,48,30,argmax,6.826905250549316,30,0.0010842084884643555,1.0,0.9932281374931335,0.9943123459815979,4724.1337890625,275.8662109375,0.0
255,59,30,argmax,5.976815223693848,11,0.0025368928909301758,0.9908891320228577,0.9912976622581482,0.9938345551490784,5127.3037109375,-127.30366516113281,127.30366516113281
256,67,30,argmax,27.63102149963379,30,0.0,0.9965528249740601,0.9951319694519043,0.9951319694519043,4821.9736328125,178.0262451171875,0.0
257,74,30,argmax,27.63102149963379,30,0.0,1.0,0.9950447082519531,0.9950447082519531,4849.3447265625,150.65512084960938,0.0
258,91,30,argmax,27.63102149963379,17,0.0,0.996455192565918,0.994297206401825,0.994297206401825,5494.02294921875,-494.02288818359375,494.02288818359375
259,104,30,argmax,27.63102149963379,30,0.0,0.9957754611968994,0.9940468668937683,0.9940468668937683,3954.13818359375,1045.8616943359375,0.0
260,113,30,argmax,6.178131103515625,30,0.002074301242828369,0.993996262550354,0.993042528629303,0.9951168298721313,4253.857421875,746.1427612304688,0.0
261,135,30,argmax,27.63102149963379,30,0.0,1.0,0.9921148419380188,0.9921148419380188,4921.16015625,78.83987426757812,0.0
262,163,30,argmax,27.63102149963379,30,0.0,1.0,0.9960434436798096,0.9960434436798096,4388.08349609375,611.9163818359375,0.0
263,165,30,argmax,27.63102149963379,30,0.0,1.0,0.9955496191978455,0.9955496191978455,4367.72802734375,632.2718505859375,0.0
264,177,30,argmax,5.338365077972412,9,0.004803717136383057,0.9991491436958313,0.9907079935073853,0.9955117106437683,5024.86181640625,-24.861846923828125,24.861846923828125
265,201,30,argmax,4.957118034362793,30,0.007033169269561768,0.9841394424438477,0.988250732421875,0.9952839016914368,3416.938232421875,1583.061767578125,0.0
266,207,30,argmax,7.2005295753479,30,0.0007461905479431152,1.0,0.9925463795661926,0.9932925701141357,4953.37841796875,46.62147521972656,0.0
267,209,30,argmax,27.63102149963379,30,0.0,1.0,0.9957927465438843,0.9957927465438843,4761.2451171875,238.75479125976562,0.0
268,211,30,argmax,27.63102149963379,30,0.0,0.9867812991142273,0.9941530823707581,0.9941530823707581,5161.7265625,-161.72659301757812,161.72659301757812
269,222,30,argmax,6.82514762878418,30,0.001086115837097168,0.9999402761459351,0.9949763417243958,0.9960624575614929,5458.4873046875,-458.4873046875,458.4873046875
270,237,30,argmax,27.63102149963379,22,0.0,0.9933176636695862,0.9955686330795288,0.9955686330795288,5003.5869140625,-3.58709716796875,3.58709716796875
271,247,30,argmax,6.988099098205566,30,0.0009227991104125977,0.990387499332428,0.9909120798110962,0.9918348789215088,4804.8701171875,195.129638671875,0.0
272,18,31,argmax,27.63102149963379,18,0.0,1.0,0.9920013546943665,0.9920013546943665,5058.96533203125,-58.9654541015625,58.9654541015625
273,52,31,argmax,4.174716949462891,15,0.015379548072814941,0.985381543636322,0.9725508093833923,0.9879303574562073,5901.59814453125,-901.5980834960938,901.5980834960938
274,120,31,argmax,5.576076030731201,12,0.003787398338317871,1.0,0.9919559359550476,0.9957433342933655,5850.5341796875,-850.5343017578125,850.5343017578125
275,168,31,argmax,4.307051658630371,17,0.013473212718963623,0.9893892407417297,0.9809491634368896,0.9944223761558533,5032.5029296875,-32.5028076171875,32.5028076171875
276,186,31,argmax,27.63102149963379,14,0.0,1.0,0.9944223761558533,0.9944223761558533,5029.48828125,-29.488037109375,29.488037109375
277,248,31,argmax,6.261104106903076,16,0.0019091367721557617,0.994760274887085,0.9900619387626648,0.9919710755348206,5020.66015625,-20.660011291503906,20.660011291503906
278,87,32,argmax,27.63102149963379,19,0.0,1.0,0.995469868183136,0.995469868183136,5045.75439453125,-45.75421142578125,45.75421142578125
279,118,32,argmax,6.816514015197754,18,0.0010955333709716797,1.0,0.9932357668876648,0.9943313002586365,5104.23486328125,-104.2349853515625,104.2349853515625
280,126,32,argmax,7.652971267700195,18,0.00047463178634643555,1.0,0.9951433539390564,0.9956179857254028,5055.15185546875,-55.15196990966797,55.15196990966797
281,146,32,argmax,27.63102149963379,24,0.0,0.9986538290977478,0.9953179955482483,0.9953179955482483,5160.1298828125,-160.13011169433594,160.13011169433594
282,157,32,argmax,27.63102149963379,16,0.0,0.9980349540710449,0.9946272373199463,0.9946272373199463,5243.33984375,-243.33990478515625,243.33990478515625
283,213,32,argmax,27.63102149963379,14,0.0,1.0,0.9936032891273499,0.9936032891273499,5404.1181640625,-404.117919921875,404.117919921875
284,81,33,argmax,27.63102149963379,23,0.0,1.0,0.9945476055145264,0.9945476055145264,5151.58203125,-151.5819091796875,151.5819091796875
285,98,33,argmax,7.163751125335693,12,0.0007741451263427734,0.9986007809638977,0.9944337606430054,0.9952079057693481,5191.63916015625,-191.63925170898438,191.63925170898438
286,107,33,argmax,27.63102149963379,19,0.0,1.0,0.9949308037757874,0.9949308037757874,5105.8203125,-105.82040405273438,105.82040405273438
287,158,33,argmax,7.413461208343506,12,0.0006030797958374023,0.9825477004051208,0.9940013885498047,0.9946044683456421,5068.01318359375,-68.01295471191406,68.01295471191406
288,166,33,argmax,5.288614273071289,10,0.0050487518310546875,0.9943464398384094,0.9888540506362915,0.9939028024673462,5119.978515625,-119.9786376953125,119.9786376953125
289,200,33,argmax,6.9574408531188965,17,0.0009515285491943359,1.0,0.9933229088783264,0.9942744374275208,5040.302734375,-40.302978515625,40.302978515625
290,217,33,argmax,27.63102149963379,18,0.0,0.9947596788406372,0.9957509636878967,0.9957509636878967,5361.86669921875,-361.8665771484375,361.8665771484375
291,220,33,argmax,27.63102149963379,11,0.0,1.0,0.9945968389511108,0.9945968389511108,5025.345703125,-25.34576416015625,25.34576416015625
292,236,33,argmax,5.351039409637451,18,0.004743218421936035,0.9990264773368835,0.9868381023406982,0.9915813207626343,5156.048828125,-156.0488739013672,156.0488739013672
293,241,33,argmax,5.851733684539795,15,0.002874910831451416,0.9902817010879517,0.99281907081604,0.9956939816474915,5124.48779296875,-124.48797607421875,124.48797607421875
294,32,34,argmax,27.63102149963379,15,0.0,0.9980864524841309,0.9950370788574219,0.9950370788574219,6212.72021484375,-1212.7200927734375,1212.7200927734375
295,76,34,argmax,5.013358116149902,16,0.006648540496826172,0.9966698288917542,0.9863939881324768,0.993042528629303,5430.787109375,-430.787353515625,430.787353515625
296,94,34,argmax,6.438032627105713,21,0.0015995502471923828,0.9971083998680115,0.9905228614807129,0.9921224117279053,5361.84326171875,-361.8431396484375,361.8431396484375
297,136,34,argmax,4.7298150062561035,18,0.00882810354232788,0.9789541959762573,0.984161376953125,0.9929894804954529,5061.22412109375,-61.22394561767578,61.22394561767578
298,172,34,argmax,27.63102149963379,15,0.0,0.9872507452964783,0.9957168102264404,0.9957168102264404,5284.29052734375,-284.2904052734375,284.2904052734375
299,182,34,argmax,27.63102149963379,20,0.0,0.996726930141449,0.9935199618339539,0.9935199618339539,5096.6953125,-96.69554138183594,96.69554138183594
300,193,34,argmax,6.934650897979736,13,0.0009734630584716797,1.0,0.9924933910369873,0.993466854095459,5096.21435546875,-96.21438598632812,96.21438598632812
301,228,34,argmax,4.17575216293335,15,0.015363633632659912,0.977871298789978,0.9780161380767822,0.9933797717094421,5113.82861328125,-113.82838439941406,113.82838439941406
302,245,34,argmax,5.477112770080566,16,0.004181385040283203,0.9984268546104431,0.9898731112480164,0.9940544962882996,5140.64013671875,-140.6400604248047,140.6400604248047
303,34,35,argmax,4.0320634841918945,16,0.01773768663406372,0.9726616144180298,0.9739987850189209,0.9917364716529846,5199.318359375,-199.318115234375,199.318115234375
304,51,35,argmax,5.994043827056885,16,0.002493560314178467,1.0,0.9921526908874512,0.9946462512016296,5711.3564453125,-711.3563232421875,711.3563232421875
305,116,35,argmax,6.051754951477051,23,0.0023537278175354004,0.9909321069717407,0.9907986521720886,0.993152379989624,5150.1005859375,-150.10073852539062,150.10073852539062
306,183,35,argmax,5.328794956207275,21,0.004849910736083984,0.9894551038742065,0.989291787147522,0.994141697883606,5293.435546875,-293.435546875,293.435546875
307,197,35,argmax,5.0342936515808105,19,0.006510794162750244,1.0,0.9890502691268921,0.9955610632896423,5227.82421875,-227.82421875,227.82421875
308,223,35,argmax,5.587599277496338,19,0.0037440061569213867,1.0,0.9905039072036743,0.9942479133605957,5155.99169921875,-155.99169921875,155.99169921875
309,249,35,argmax,4.710974216461182,14,0.008996009826660156,0.9890539050102234,0.9859499931335449,0.9949460029602051,5324.4912109375,-324.4913330078125,324.4913330078125
310,8,36,argmax,5.858745098114014,22,0.0028548240661621094,0.9988689422607422,0.9898316264152527,0.9926864504814148,5258.35107421875,-258.35113525390625,258.35113525390625
311,20,36,argmax,5.3294219970703125,19,0.0048468708992004395,0.9832258224487305,0.9902319312095642,0.9950788021087646,5981.6103515625,-981.6104125976562,981.6104125976562
312,46,36,argmax,27.63102149963379,15,0.0,1.0,0.9950674176216125,0.9950674176216125,7111.634765625,-2111.634765625,2111.634765625
313,47,36,argmax,27.63102149963379,16,0.0,1.0,0.988322377204895,0.988322377204895,5437.46826171875,-437.46826171875,437.46826171875
314,49,36,argmax,6.330085754394531,20,0.0017818808555603027,1.0,0.9930122494697571,0.9947941303253174,5156.33837890625,-156.3382568359375,156.3382568359375
315,96,36,argmax,4.814203262329102,16,0.008113682270050049,0.9942089915275574,0.982027530670166,0.9901412129402161,6529.9091796875,-1529.9091796875,1529.9091796875
316,122,36,argmax,6.671561241149902,13,0.0012664198875427246,1.0,0.9933038949966431,0.9945703148841858,5905.72509765625,-905.7252197265625,905.7252197265625
317,129,36,argmax,4.164878845214844,23,0.015531599521636963,0.9893025159835815,0.9802497029304504,0.9957813024520874,5272.7783203125,-272.778076171875,272.778076171875
318,140,36,argmax,27.63102149963379,23,0.0,1.0,0.9943275451660156,0.9943275451660156,5194.8466796875,-194.84674072265625,194.84674072265625
319,145,36,argmax,4.798525333404541,17,0.008241891860961914,0.9887705445289612,0.9869660139083862,0.9952079057693481,5561.06591796875,-561.0659790039062,561.0659790039062
320,195,36,argmax,6.365979194641113,14,0.001719057559967041,0.9960278272628784,0.993929386138916,0.9956484436988831,5203.25146484375,-203.25132751464844,203.25132751464844
321,203,36,argmax,7.546681880950928,23,0.0005278587341308594,0.9973944425582886,0.9952040910720825,0.9957319498062134,5794.22021484375,-794.2200927734375,794.2200927734375
322,232,36,argmax,7.103253364562988,17,0.0008224248886108398,0.9902123212814331,0.9931296706199646,0.9939520955085754,5012.3798828125,-12.379745483398438,12.379745483398438
323,238,36,argmax,6.905148983001709,17,0.0010026097297668457,1.0,0.9912371635437012,0.992239773273468,5403.5009765625,-403.5008544921875,403.5008544921875
324,17,37,argmax,27.63102149963379,24,0.0,1.0,0.9953711628913879,0.9953711628913879,5512.52978515625,-512.5299072265625,512.5299072265625
325,19,37,argmax,6.431570053100586,21,0.0016099214553833008,0.9993918538093567,0.9922435879707336,0.9938535094261169,5529.36376953125,-529.3638916015625,529.3638916015625
326,124,37,argmax,5.078848361968994,14,0.006227076053619385,0.9929898977279663,0.9886202812194824,0.9948473572731018,6232.486328125,-1232.486572265625,1232.486572265625
327,143,37,argmax,5.475147724151611,24,0.004189610481262207,1.0,0.9909234046936035,0.9951130151748657,5492.22900390625,-492.22894287109375,492.22894287109375
328,164,37,argmax,27.63102149963379,17,0.0,0.9900095462799072,0.9943730235099792,0.9943730235099792,5204.5849609375,-204.584716796875,204.584716796875
329,196,37,argmax,7.729274272918701,19,0.00043976306915283203,1.0,0.9935237169265747,0.9939634799957275,6307.2548828125,-1307.2550048828125,1307.2550048828125
330,206,37,argmax,27.63102149963379,26,0.0,1.0,0.9921073317527771,0.9921073317527771,5088.5390625,-88.5391845703125,88.5391845703125
331,4,38,argmax,7.419607639312744,14,0.0005993843078613281,0.9908704161643982,0.9940847754478455,0.9946841597557068,5380.59716796875,-380.5970458984375,380.5970458984375
332,21,38,argmax,5.1198906898498535,19,0.005976676940917969,0.9920596480369568,0.988009512424469,0.993986189365387,5443.25390625,-443.25390625,443.25390625
333,22,38,argmax,4.890860557556152,15,0.00751495361328125,0.9813710451126099,0.9827282428741455,0.9902431964874268,5052.43603515625,-52.435821533203125,52.435821533203125
334,68,38,argmax,5.978931903839111,23,0.0025315284729003906,0.999864399433136,0.9921905398368835,0.9947220683097839,6654.94677734375,-1654.9466552734375,1654.9466552734375
335,133,38,argmax,27.63102149963379,23,0.0,0.9978118538856506,0.9920278191566467,0.9920278191566467,5269.3623046875,-269.36224365234375,269.36224365234375
336,141,38,argmax,27.63102149963379,20,0.0,0.9795946478843689,0.9952117204666138,0.9952117204666138,5443.09375,-443.093994140625,443.093994140625
337,147,38,argmax,5.379178047180176,17,0.004611611366271973,0.9978348016738892,0.9910368323326111,0.9956484436988831,5179.6650390625,-179.6651611328125,179.6651611328125
338,190,38,argmax,6.66574239730835,20,0.001273810863494873,1.0,0.9902281165122986,0.9915019273757935,5107.94873046875,-107.94869995117188,107.94869995117188
339,192,38,argmax,6.3163323402404785,14,0.0018065571784973145,0.9983320236206055,0.9898504614830017,0.991657018661499,5027.9384765625,-27.93853759765625,27.93853759765625
340,248,38,argmax,27.63102149963379,7,0.0,1.0,0.9952307343482971,0.9952307343482971,5192.26904296875,-192.2689971923828,192.2689971923828
341,255,38,argmax,3.655460834503174,27,0.025849580764770508,0.9656654000282288,0.9683527946472168,0.9942023754119873,5097.98974609375,-97.98998260498047,97.98998260498047
342,33,39,argmax,5.249588489532471,30,0.005249679088592529,0.9911102056503296,0.9895710945129395,0.994820773601532,5536.087890625,-536.0880126953125,536.0880126953125
343,72,39,argmax,6.624222278594971,14,0.001327812671661377,0.9901702404022217,0.9938914775848389,0.9952192902565002,5447.3232421875,-447.3231201171875,447.3231201171875
344,73,39,argmax,5.0450439453125,21,0.006441175937652588,0.9801472425460815,0.9871204495429993,0.9935616254806519,5208.76904296875,-208.7689208984375,208.7689208984375
345,100,39,argmax,5.188960552215576,22,0.005577802658081055,0.9979541897773743,0.9898692965507507,0.9954470992088318,5026.07421875,-26.073974609375,26.073974609375
346,180,39,argmax,5.858098030090332,20,0.0028566718101501465,0.9867861866950989,0.9917477965354919,0.9946044683456421,5057.609375,-57.60960388183594,57.60960388183594
347,226,39,argmax,27.63102149963379,16,0.0,0.9957243204116821,0.996039628982544,0.996039628982544,5165.33251953125,-165.3326416015625,165.3326416015625
348,233,39,argmax,27.63102149963379,30,0.0,0.9820762276649475,0.9940810203552246,0.9940810203552246,4598.2978515625,401.70233154296875,0.0
349,240,39,argmax,4.280725002288818,13,0.013832628726959229,1.0,0.9779303073883057,0.9917629361152649,5660.1796875,-660.1797485351562,660.1797485351562
350,242,39,argmax,7.115650653839111,20,0.0008122920989990234,0.9973170757293701,0.9946158528327942,0.9954281449317932,5336.4931640625,-336.4931335449219,336.4931335449219
351,250,39,argmax,27.63102149963379,25,0.0,1.0,0.9957889318466187,0.9957889318466187,5022.1279296875,-22.127822875976562,22.127822875976562
352,13,40,argmax,27.63102149963379,22,0.0,0.9957725405693054,0.9941909909248352,0.9941909909248352,5286.38720703125,-286.3871765136719,286.3871765136719
353,28,40,argmax,27.63102149963379,20,0.0,0.9960651397705078,0.9954130053520203,0.9954130053520203,5027.4755859375,-27.475662231445312,27.475662231445312
354,37,40,argmax,6.003989219665527,18,0.002468883991241455,1.0,0.9929212927818298,0.9953901767730713,5632.6708984375,-632.6708984375,632.6708984375
355,38,40,argmax,5.989084243774414,18,0.002505958080291748,0.9817652106285095,0.9925880432128906,0.9950940012931824,5041.35986328125,-41.35981750488281,41.35981750488281
356,40,40,argmax,27.63102149963379,14,0.0,1.0,0.9946386218070984,0.9946386218070984,5119.2373046875,-119.2374267578125,119.2374267578125
357,99,40,argmax,27.63102149963379,27,0.0,1.0,0.994642436504364,0.994642436504364,5000.0126953125,-0.012451171875,0.012451171875
358,102,40,argmax,7.256124496459961,17,0.0007058382034301758,1.0,0.9944906830787659,0.995196521282196,5021.53369140625,-21.53375244140625,21.53375244140625
359,121,40,argmax,4.047269821166992,26,0.01747000217437744,0.9839175343513489,0.9765844941139221,0.9940544962882996,5012.431640625,-12.4315185546875,12.4315185546875
360,123,40,argmax,27.63102149963379,20,0.0,0.9957349896430969,0.9947828054428101,0.9947828054428101,5252.521484375,-252.52157592773438,252.52157592773438
361,125,40,argmax,4.262611389160156,21,0.014085471630096436,0.9806200861930847,0.9789343476295471,0.9930198192596436,5077.7109375,-77.71112060546875,77.71112060546875
362,134,40,argmax,5.581836700439453,27,0.0037656426429748535,0.9780630469322205,0.9872409105300903,0.9910065531730652,5528.7568359375,-528.756591796875,528.756591796875
363,160,40,argmax,6.900877952575684,25,0.0010069012641906738,0.9919794797897339,0.9880924224853516,0.9890993237495422,5123.5068359375,-123.50669860839844,123.50669860839844
364,215,40,argmax,4.5191216468811035,16,0.010898590087890625,0.9967184066772461,0.9838272929191589,0.9947258830070496,5006.4912109375,-6.491363525390625,6.491363525390625
365,12,41,argmax,5.8514227867126465,22,0.002875804901123047,0.9973351359367371,0.9905114769935608,0.9933872818946838,5525.06494140625,-525.0648193359375,525.0648193359375
366,26,41,argmax,4.220524787902832,18,0.014690935611724854,0.988779604434967,0.9806498885154724,0.9953408241271973,5182.6318359375,-182.63204956054688,182.63204956054688
367,29,41,argmax,5.6173624992370605,12,0.003634214401245117,0.9935049414634705,0.9916078448295593,0.9952420592308044,5930.62939453125,-930.6295166015625,930.6295166015625
368,35,41,argmax,27.63102149963379,27,0.0,1.0,0.9952458739280701,0.9952458739280701,5092.19482421875,-92.1947021484375,92.1947021484375
369,60,41,argmax,6.7234320640563965,20,0.001202404499053955,0.9961872696876526,0.9937018752098083,0.9949042797088623,5177.79248046875,-177.79241943359375,177.79241943359375
370,61,41,argmax,27.63102149963379,22,0.0,1.0,0.9942402839660645,0.9942402839660645,5161.96337890625,-161.96315002441406,161.96315002441406
371,84,41,argmax,27.63102149963379,18,0.0,0.995590090751648,0.9934024810791016,0.9934024810791016,5023.935546875,-23.935623168945312,23.935623168945312
372,97,41,argmax,5.149988174438477,30,0.005799472332000732,1.0,0.9888163805007935,0.9946158528327942,4957.71728515625,42.282928466796875,0.0
373,103,41,argmax,7.747189521789551,20,0.00043195486068725586,0.9864247441291809,0.9931789636611938,0.9936109185218811,5061.3056640625,-61.30589294433594,61.30589294433594
374,109,41,argmax,6.480780601501465,18,0.0015326142311096191,0.9918566346168518,0.9937360286712646,0.9952686429023743,5012.51171875,-12.5118408203125,12.5118408203125
375,110,41,argmax,6.82027530670166,24,0.0010914206504821777,1.0,0.9929364919662476,0.9940279126167297,7065.7802734375,-2065.7802734375,2065.7802734375
376,128,41,argmax,5.7735185623168945,19,0.003108799457550049,0.999675452709198,0.9898882508277893,0.9929970502853394,5457.60888671875,-457.60870361328125,457.60870361328125
377,167,41,argmax,27.63102149963379,27,0.0,1.0,0.9952952861785889,0.9952952861785889,5056.099609375,-56.09956359863281,56.09956359863281
378,175,41,argmax,4.95991849899292,21,0.007013499736785889,0.9844690561294556,0.9865556955337524,0.9935691952705383,5122.66455078125,-122.66465759277344,122.66465759277344
379,185,41,argmax,27.63102149963379,30,0.0,0.9785919189453125,0.9923003315925598,0.9923003315925598,4955.5107421875,44.4892578125,0.0
380,224,41,argmax,27.63102149963379,23,0.0,0.9956899285316467,0.9945968389511108,0.9945968389511108,5580.185546875,-580.185791015625,580.185791015625
381,225,41,argmax,6.048266410827637,21,0.0023619532585144043,0.9995293617248535,0.9926713705062866,0.995033323764801,5359.271484375,-359.27142333984375,359.27142333984375
382,9,42,argmax,5.460740566253662,17,0.0042504072189331055,1.0,0.9909461140632629,0.995196521282196,5610.107421875,-610.1072387695312,610.1072387695312
383,41,42,argmax,27.63102149963379,20,0.0,0.9847699999809265,0.9948624968528748,0.9948624968528748,5376.35693359375,-376.3570251464844,376.3570251464844
384,89,42,argmax,5.232656002044678,18,0.005339324474334717,0.981894314289093,0.9858108758926392,0.9911502003669739,5246.40771484375,-246.40792846679688,246.40792846679688
385,115,42,argmax,5.651087284088135,13,0.0035136938095092773,0.9831961989402771,0.9907873272895813,0.9943010210990906,6563.43603515625,-1563.4359130859375,1563.4359130859375
386,127,42,argmax,4.636729717254639,23,0.0096893310546875,0.9801802635192871,0.9854161143302917,0.9951054453849792,6739.318359375,-1739.318115234375,1739.318115234375
387,137,42,argmax,5.946774482727051,22,0.002614259719848633,0.9923660159111023,0.9919029474258423,0.9945172071456909,5014.47216796875,-14.47216796875,14.47216796875
388,149,42,argmax,27.63102149963379,30,0.0,0.9896615743637085,0.995405375957489,0.995405375957489,3511.5693359375,1488.4306640625,0.0
389,156,42,argmax,4.5108323097229,24,0.01098930835723877,0.9867023825645447,0.9810839295387268,0.9920732378959656,5575.376953125,-575.376708984375,575.376708984375
390,204,42,argmax,5.9275126457214355,30,0.002665102481842041,0.9815235733985901,0.9896427989006042,0.9923079013824463,3816.1015625,1183.8983154296875,0.0
391,230,42,argmax,27.63102149963379,23,0.0,0.9953605532646179,0.9945513010025024,0.9945513010025024,5121.83349609375,-121.83357238769531,121.83357238769531
392,235,42,argmax,5.98410177230835,15,0.00251847505569458,0.9945071935653687,0.9915019273757935,0.994020402431488,5110.005859375,-110.00601196289062,110.00601196289062
393,6,43,argmax,4.167291641235352,13,0.015494167804718018,0.982188880443573,0.9800365567207336,0.9955307245254517,5118.9521484375,-118.9523696899414,118.9523696899414
394,42,43,argmax,27.63102149963379,21,0.0,0.9992964267730713,0.995348334312439,0.995348334312439,6250.1787109375,-1250.1788330078125,1250.1788330078125
395,66,43,argmax,27.63102149963379,20,0.0,0.9933359622955322,0.9953711628913879,0.9953711628913879,6511.994140625,-1511.994384765625,1511.994384765625
396,78,43,argmax,27.63102149963379,24,0.0,0.9981123805046082,0.9950180649757385,0.9950180649757385,5120.9814453125,-120.9815673828125,120.9815673828125
397,83,43,argmax,5.375977516174316,24,0.0046263933181762695,0.9768637418746948,0.9868982434272766,0.9915246367454529,5127.92041015625,-127.9205322265625,127.9205322265625
398,86,43,argmax,4.863255023956299,22,0.0077252984046936035,0.9890074729919434,0.983054518699646,0.9907798171043396,5510.48876953125,-510.4886474609375,510.4886474609375
399,92,43,argmax,6.530084133148193,23,0.001458883285522461,0.9960053563117981,0.9926297068595886,0.9940885901451111,5036.6240234375,-36.62419128417969,36.62419128417969
400,111,43,argmax,27.63102149963379,29,0.0,0.9965213537216187,0.9926638007164001,0.9926638007164001,5035.8154296875,-35.815185546875,35.815185546875
401,169,43,argmax,4.832455158233643,30,0.007966935634613037,0.9937988519668579,0.9848824143409729,0.9928493499755859,2834.416259765625,2165.583740234375,0.0
402,199,43,argmax,5.125461101531982,29,0.005943477153778076,0.9937446713447571,0.9875158667564392,0.9934593439102173,6348.10107421875,-1348.1011962890625,1348.1011962890625
403,202,43,argmax,27.63102149963379,25,0.0,0.9841706156730652,0.995120644569397,0.995120644569397,5283.69970703125,-283.69976806640625,283.69976806640625
404,244,43,argmax,7.789611339569092,19,0.0004140138626098633,1.0,0.995348334312439,0.9957623481750488,5048.15673828125,-48.156646728515625,48.156646728515625
405,36,44,argmax,27.63102149963379,30,0.0,1.0,0.996039628982544,0.996039628982544,4489.39208984375,510.6078186035156,0.0
406,64,44,argmax,27.63102149963379,19,0.0,0.9933768510818481,0.990303635597229,0.990303635597229,5438.6171875,-438.617431640625,438.617431640625
407,75,44,argmax,27.63102149963379,23,0.0,0.9966033101081848,0.9929288625717163,0.9929288625717163,5521.5576171875,-521.557373046875,521.557373046875
408,105,44,argmax,27.63102149963379,15,0.0,0.9969107508659363,0.9877871870994568,0.9877871870994568,5803.29296875,-803.2928466796875,803.2928466796875
409,144,44,argmax,27.63102149963379,22,0.0,0.9975106716156006,0.994797945022583,0.994797945022583,5009.48095703125,-9.480865478515625,9.480865478515625
410,152,44,argmax,7.35389518737793,17,0.0006400942802429199,1.0,0.9925653338432312,0.9932054281234741,5023.83056640625,-23.830596923828125,23.830596923828125
411,159,44,argmax,5.7543768882751465,24,0.0031688809394836426,0.9914675951004028,0.9861682057380676,0.9893370866775513,5036.72509765625,-36.724884033203125,36.724884033203125
412,188,44,argmax,27.63102149963379,19,0.0,0.9988786578178406,0.9890238046646118,0.9890238046646118,5053.203125,-53.20323181152344,53.20323181152344
413,191,44,argmax,27.63102149963379,28,0.0,1.0,0.9938687086105347,0.9938687086105347,5855.7529296875,-855.752685546875,855.752685546875
414,43,45,argmax,27.63102149963379,30,0.0,0.9946397542953491,0.9950636029243469,0.9950636029243469,4215.8857421875,784.114013671875,0.0
415,56,45,argmax,5.30112361907959,24,0.004985988140106201,0.9885666370391846,0.986947238445282,0.9919332265853882,5008.3662109375,-8.366058349609375,8.366058349609375
416,58,45,argmax,7.781723976135254,30,0.00041729211807250977,0.99435955286026,0.9940695762634277,0.9944868683815002,2954.29638671875,2045.7037353515625,0.0
417,65,45,argmax,6.0078349113464355,22,0.002459406852722168,0.981627881526947,0.9891332983970642,0.9915927052497864,5099.56640625,-99.56643676757812,99.56643676757812
418,88,45,argmax,27.63102149963379,21,0.0,0.997547447681427,0.9952458739280701,0.9952458739280701,5301.4287109375,-301.4287109375,301.4287109375
419,95,45,argmax,5.591139793395996,25,0.00373077392578125,1.0,0.991025447845459,0.9947562217712402,5658.828125,-658.8279418945312,658.8279418945312
420,114,45,argmax,27.63102149963379,28,0.0,0.9978221654891968,0.994911789894104,0.994911789894104,5150.7607421875,-150.760986328125,150.760986328125
421,148,45,argmax,27.63102149963379,22,0.0,0.9938085675239563,0.9934175610542297,0.9934175610542297,5376.36474609375,-376.36492919921875,376.36492919921875
422,184,45,argmax,5.879013538360596,30,0.002797544002532959,0.9851474165916443,0.9896352291107178,0.9924327731132507,4692.56640625,307.4337158203125,0.0
423,208,45,argmax,27.63102149963379,23,0.0,0.9967268705368042,0.994414746761322,0.994414746761322,5036.90185546875,-36.90185546875,36.90185546875
424,219,45,argmax,7.506618976593018,17,0.0005494356155395508,0.9991202354431152,0.9930955767631531,0.9936450123786926,5058.61669921875,-58.61688232421875,58.61688232421875
425,1,46,argmax,5.12061882019043,23,0.005972325801849365,1.0,0.9879115223884583,0.9938838481903076,6451.3203125,-1451.320556640625,1451.320556640625
426,2,46,argmax,8.038603782653809,28,0.00032275915145874023,1.0,0.9953446388244629,0.9956673979759216,5326.6513671875,-326.6514892578125,326.6514892578125
427,16,46,argmax,6.234061241149902,30,0.0019614696502685547,0.9997012615203857,0.9935616254806519,0.9955230951309204,4510.2919921875,489.7081298828125,0.0
428,30,46,argmax,8.423234939575195,27,0.00021970272064208984,0.9865478277206421,0.9928152561187744,0.9930349588394165,5385.5078125,-385.50775146484375,385.50775146484375
429,151,46,argmax,27.63102149963379,26,0.0,0.9943093657493591,0.9955952167510986,0.9955952167510986,5576.19775390625,-576.19775390625,576.19775390625
430,161,46,argmax,27.63102149963379,18,0.0,0.9982635378837585,0.995526909828186,0.995526909828186,5064.88671875,-64.88674926757812,64.88674926757812
431,14,47,argmax,5.932040691375732,21,0.002653062343597412,0.9982127547264099,0.9907873272895813,0.9934403896331787,6907.01123046875,-1907.01123046875,1907.01123046875
432,15,47,argmax,6.245768070220947,17,0.00193864107131958,1.0,0.9916419386863708,0.9935805797576904,5849.59326171875,-849.59326171875,849.59326171875
433,50,47,argmax,27.63102149963379,30,0.0,0.9897075891494751,0.9950712323188782,0.9950712323188782,4669.0654296875,330.934326171875,0.0
434,53,47,argmax,27.63102149963379,20,0.0,1.0,0.9949915409088135,0.9949915409088135,5256.3017578125,-256.301513671875,256.301513671875
435,57,47,argmax,5.932287693023682,28,0.002652406692504883,0.996357262134552,0.9919672608375549,0.9946196675300598,5236.6591796875,-236.65939331054688,236.65939331054688
436,59,47,argmax,27.63102149963379,17,0.0,0.9980015754699707,0.9925199151039124,0.9925199151039124,5134.58642578125,-134.58660888671875,134.58660888671875
437,85,47,argmax,27.63102149963379,30,0.0,1.0,0.995033323764801,0.995033323764801,4842.8046875,157.1954345703125,0.0
438,93,47,argmax,27.63102149963379,30,0.0,0.9972584843635559,0.9958383440971375,0.9958383440971375,2500.8701171875,2499.1298828125,0.0
439,104,47,argmax,4.460186958312988,17,0.011560201644897461,0.9875473976135254,0.974638044834137,0.9861982464790344,5623.53173828125,-623.53173828125,623.53173828125
440,154,47,argmax,27.63102149963379,27,0.0,0.9927181005477905,0.9954850673675537,0.9954850673675537,5594.86181640625,-594.8619384765625,594.8619384765625
441,173,47,argmax,5.30991268157959,21,0.004942357540130615,0.9909824728965759,0.9903339147567749,0.9952762722969055,5054.314453125,-54.314483642578125,54.314483642578125
442,186,47,argmax,27.63102149963379,16,0.0,0.9976337552070618,0.9941112995147705,0.9941112995147705,5054.5771484375,-54.57733154296875,54.57733154296875
443,205,47,argmax,4.567538738250732,19,0.0103834867477417,0.9879685044288635,0.9853484630584717,0.9957319498062134,6560.693359375,-1560.6934814453125,1560.6934814453125
444,227,47,argmax,5.9995808601379395,30,0.0024797916412353516,1.0,0.991222083568573,0.9937018752098083,4931.6845703125,68.31564331054688,0.0
445,239,47,argmax,27.63102149963379,28,0.0,1.0,0.990043044090271,0.990043044090271,5718.1796875,-718.1798095703125,718.1798095703125
446,246,47,argmax,3.935626745223999,30,0.01953345537185669,0.9845736622810364,0.972536027431488,0.9920694828033447,4428.201171875,571.799072265625,0.0
447,251,47,argmax,27.63102149963379,29,0.0,0.9902456998825073,0.9941530823707581,0.9941530823707581,5033.75634765625,-33.75640869140625,33.75640869140625
448,253,47,argmax,6.944063186645508,29,0.0009643435478210449,0.9916411638259888,0.9947220683097839,0.995686411857605,5096.18115234375,-96.18121337890625,96.18121337890625
449,20,48,argmax,5.947640895843506,12,0.002611994743347168,1.0,0.9924630522727966,0.9950750470161438,5337.32666015625,-337.3265075683594,337.3265075683594
450,126,48,argmax,27.63102149963379,16,0.0,1.0,0.9952458739280701,0.9952458739280701,6825.1806640625,-1825.1806640625,1825.1806640625
451,165,48,argmax,6.157427787780762,18,0.0021176934242248535,1.0,0.9920353889465332,0.9941530823707581,5937.12646484375,-937.1265869140625,937.1265869140625
452,176,48,argmax,5.244232177734375,30,0.005277872085571289,1.0,0.9898806810379028,0.9951585531234741,4879.73193359375,120.2681884765625,0.0
453,214,48,argmax,8.323397636413574,26,0.00024276971817016602,0.9996103644371033,0.9943654537200928,0.9946082234382629,5017.67529296875,-17.6754150390625,17.6754150390625
454,216,48,argmax,27.63102149963379,29,0.0,1.0,0.9951016306877136,0.9951016306877136,5129.1943359375,-129.1945037841797,129.1945037841797
455,222,48,argmax,27.63102149963379,18,0.0,1.0,0.994020402431488,0.994020402431488,5626.3798828125,-626.3800659179688,626.3800659179688
456,243,48,argmax,27.63102149963379,30,0.0,0.9994648694992065,0.994797945022583,0.994797945022583,5027.53955078125,-27.539398193359375,27.539398193359375
457,5,49,argmax,5.682465076446533,23,0.003405153751373291,0.9929819703102112,0.9912258982658386,0.9946310520172119,5015.88427734375,-15.884490966796875,15.884490966796875
458,11,49,argmax,27.63102149963379,30,0.0,0.9970179200172424,0.9942440986633301,0.9942440986633301,3802.088623046875,1197.911376953125,0.0
459,31,49,argmax,27.63102149963379,24,0.0,0.9918221831321716,0.9942365288734436,0.9942365288734436,5410.41943359375,-410.41943359375,410.41943359375
460,44,49,argmax,6.615328788757324,30,0.0013396739959716797,0.9987659454345703,0.994168221950531,0.9955078959465027,4914.09619140625,85.90386962890625,0.0
461,52,49,argmax,4.933417320251465,18,0.007201850414276123,0.9961667060852051,0.9874292016029358,0.9946310520172119,5406.609375,-406.609130859375,406.609130859375
462,79,49,argmax,6.36663818359375,28,0.0017179250717163086,0.9982600212097168,0.9932774305343628,0.9949953556060791,5456.79931640625,-456.7994689941406,456.7994689941406
463,131,49,argmax,6.981532096862793,29,0.0009288787841796875,1.0,0.9934138655662537,0.9943427443504333,5219.02001953125,-219.0198974609375,219.0198974609375
464,138,49,argmax,6.7821807861328125,27,0.0011337995529174805,0.9966987371444702,0.9934289455413818,0.9945627450942993,5592.96044921875,-592.96044921875,592.96044921875
465,150,49,argmax,27.63102149963379,27,0.0,0.996527373790741,0.9917856454849243,0.9917856454849243,5505.3330078125,-505.33282470703125,505.33282470703125
466,166,49,argmax,27.63102149963379,16,0.0,0.9994525909423828,0.9940013885498047,0.9940013885498047,5603.912109375,-603.9119262695312,603.9119262695312
467,171,49,argmax,8.247309684753418,30,0.0002619624137878418,0.993553102016449,0.9948586821556091,0.995120644569397,5446.0009765625,-446.00079345703125,446.00079345703125
468,179,49,argmax,27.63102149963379,28,0.0,0.9964735507965088,0.9916040897369385,0.9916040897369385,5258.982421875,-258.9822998046875,258.9822998046875
469,194,49,argmax,27.63102149963379,30,0.0,0.9943210482597351,0.9911880493164062,0.9911880493164062,4488.5166015625,511.483154296875,0.0
470,212,49,argmax,27.63102149963379,24,0.0,0.9942266941070557,0.9942858219146729,0.9942858219146729,5070.41943359375,-70.41937255859375,70.41937255859375
471,218,49,argmax,6.380367279052734,26,0.00169450044631958,0.9998384118080139,0.990681529045105,0.9923760294914246,6771.517578125,-1771.517822265625,1771.517822265625
472,252,49,argmax,6.895211219787598,23,0.0010126233100891113,0.9877347946166992,0.9937435984611511,0.9947562217712402,5384.09033203125,-384.0905456542969,384.0905456542969
473,80,50,argmax,5.107974529266357,21,0.006048321723937988,0.9814636707305908,0.9830019474029541,0.9890502691268921,5158.04052734375,-158.04052734375,158.04052734375
474,90,50,argmax,5.200384616851807,22,0.0055144429206848145,0.9953232407569885,0.9853258728981018,0.9908403158187866,5003.611328125,-3.611358642578125,3.611358642578125
475,101,50,argmax,27.63102149963379,28,0.0,1.0,0.9922019243240356,0.9922019243240356,5017.58642578125,-17.586212158203125,17.586212158203125
476,106,50,argmax,27.63102149963379,30,0.0,0.9945299029350281,0.9948017597198486,0.9948017597198486,5125.01806640625,-125.01799011230469,125.01799011230469
477,108,50,argmax,9.347288131713867,21,8.720159530639648e-05,1.0,0.9933493733406067,0.9934365749359131,5533.89501953125,-533.8950805664062,533.8950805664062
478,172,50,argmax,3.7139763832092285,16,0.024380385875701904,0.961779773235321,0.9690068960189819,0.9933872818946838,5103.4814453125,-103.48165893554688,103.48165893554688
479,187,50,argmax,8.843596458435059,24,0.0001443028450012207,0.9934449195861816,0.9951319694519043,0.9952762722969055,5135.7158203125,-135.71560668945312,135.71560668945312
480,197,50,argmax,4.274470806121826,15,0.013919413089752197,0.9833196997642517,0.9705272912979126,0.9844467043876648,5403.16259765625,-403.1627197265625,403.1627197265625
481,209,50,argmax,27.63102149963379,20,0.0,1.0,0.9950105547904968,0.9950105547904968,5102.43603515625,-102.43605041503906,102.43605041503906
482,210,50,argmax,27.63102149963379,26,0.0,0.992667555809021,0.9913771152496338,0.9913771152496338,5171.6240234375,-171.6241455078125,171.6241455078125
483,7,51,argmax,5.685550689697266,26,0.0033946633338928223,0.9852486252784729,0.9903603196144104,0.9937549829483032,5373.47314453125,-373.4732666015625,373.4732666015625
484,45,51,argmax,27.63102149963379,30,0.0,0.9879926443099976,0.9953863620758057,0.9953863620758057,3920.990966796875,1079.009033203125,0.0
485,54,51,argmax,27.63102149963379,23,0.0,0.9818079471588135,0.9948321580886841,0.9948321580886841,5177.06591796875,-177.06607055664062,177.06607055664062
486,55,51,argmax,5.034733295440674,22,0.006507933139801025,0.9995637536048889,0.9886240363121033,0.9951319694519043,5158.5625,-158.56246948242188,158.56246948242188
487,117,51,argmax,5.51081657409668,27,0.00404280424118042,1.0,0.9893747568130493,0.9934175610542297,7085.47900390625,-2085.47900390625,2085.47900390625
488,124,51,argmax,4.802467346191406,14,0.008209466934204102,0.9862626791000366,0.9871693253517151,0.9953787922859192,5054.359375,-54.359527587890625,54.359527587890625
489,136,51,argmax,5.615478038787842,17,0.003641068935394287,0.9883758425712585,0.9913998246192932,0.9950408935546875,5679.24560546875,-679.24560546875,679.24560546875
490,181,51,argmax,7.576247692108154,28,0.0005124807357788086,0.9912217855453491,0.9948548674583435,0.9953673481941223,5340.4599609375,-340.4601135253906,340.4601135253906
491,189,51,argmax,27.63102149963379,25,0.0,1.0,0.9926449060440063,0.9926449060440063,5096.29052734375,-96.29046630859375,96.29046630859375
492,201,51,argmax,5.294997692108154,21,0.005016624927520752,0.9889969229698181,0.9877607822418213,0.992777407169342,5483.7333984375,-483.7334899902344,483.7334899902344
493,228,51,argmax,7.9285454750061035,17,0.00036031007766723633,0.9793171882629395,0.9941530823707581,0.9945133924484253,5097.03662109375,-97.03645324707031,97.03645324707031
494,82,52,argmax,4.6015238761901855,30,0.01003652811050415,0.9952930808067322,0.9844692945480347,0.9945058226585388,4166.0498046875,833.9502563476562,0.0
495,87,52,argmax,10.535213470458984,20,2.658367156982422e-05,0.9915160536766052,0.9931069016456604,0.9931334853172302,5194.89501953125,-194.8951416015625,194.8951416015625
496,121,52,argmax,6.759570121765137,12,0.0011597275733947754,1.0,0.9929174780845642,0.994077205657959,5118.115234375,-118.1153564453125,118.1153564453125
497,132,52,argmax,6.667850017547607,30,0.0012711286544799805,1.0,0.9940392971038818,0.9953104257583618,4957.01123046875,42.98857116699219,0.0
498,155,52,argmax,27.63102149963379,30,0.0,1.0,0.9946613907814026,0.9946613907814026,4887.466796875,112.53306579589844,0.0
499,170,52,argmax,27.63102149963379,25,0.0,1.0,0.9954965114593506,0.9954965114593506,5029.42236328125,-29.4224853515625,29.4224853515625
500,177,52,argmax,5.404837131500244,22,0.004494786262512207,0.9873045682907104,0.9879001379013062,0.9923949241638184,5077.70849609375,-77.70846557617188,77.70846557617188
501,183,52,argmax,4.766296863555908,17,0.008511841297149658,0.9828957319259644,0.9856905341148376,0.9942023754119873,5076.21533203125,-76.21527862548828,76.21527862548828
502,196,52,argmax,27.63102149963379,15,0.0,0.9937707185745239,0.9948397278785706,0.9948397278785706,6687.037109375,-1687.036865234375,1687.036865234375
503,234,52,argmax,27.63102149963379,30,0.0,1.0,0.9942100048065186,0.9942100048065186,4582.1845703125,417.8152770996094,0.0
504,145,53,argmax,27.63102149963379,17,0.0,1.0,0.9957243204116821,0.9957243204116821,5164.21337890625,-164.2132110595703,164.2132110595703
505,164,53,argmax,5.093669414520264,16,0.006135463714599609,1.0,0.9873275756835938,0.9934630393981934,5195.1875,-195.1875,195.1875
506,182,53,argmax,7.951639175415039,19,0.0003520846366882324,0.9855504035949707,0.9922283887863159,0.9925804734230042,5036.84033203125,-36.84016418457031,36.84016418457031
507,248,53,argmax,27.63102149963379,15,0.0,1.0,0.994232714176178,0.994232714176178,5024.884765625,-24.884963989257812,24.884963989257812
508,8,54,argmax,5.595591068267822,18,0.0037142038345336914,1.0,0.9916759729385376,0.9953901767730713,6260.4560546875,-1260.455810546875,1260.455810546875
509,17,54,argmax,6.05935525894165,17,0.0023359060287475586,0.9991275072097778,0.9928758144378662,0.9952117204666138,5212.2978515625,-212.29779052734375,212.29779052734375
510,34,54,argmax,6.456043243408203,19,0.0015709996223449707,1.0,0.991611659526825,0.9931826591491699,5279.47998046875,-279.4798278808594,279.4798278808594
511,71,54,argmax,27.63102149963379,30,0.0,0.9997648000717163,0.9935047626495361,0.9935047626495361,3395.7763671875,1604.2235107421875,0.0
