instance,episode_index,lane,step_count,action_mode,return,episode_length,regret,best_value,best_oracle_value,ground_truth,budget_used,remaining_budget,budget_overshoot
189354,0,63,1,argmax,2.0869007110595703,1,0.12407106161117554,0.6629360318183899,0.6720671653747559,0.7961382269859314,6056.23291015625,-1056.23291015625,1056.23291015625
189354,1,94,1,argmax,2.319099187850952,1,0.09836214780807495,0.6214824318885803,0.6360504627227783,0.7344126105308533,9066.697265625,-4066.697265625,4066.697265625
168335,2,179,1,argmax,2.94287109375,1,0.05271416902542114,0.8798508048057556,0.8746103048324585,0.9273244738578796,7287.58837890625,-2287.58837890625,2287.58837890625
168335,3,208,1,argmax,2.3555479049682617,1,0.09484153985977173,0.8545159697532654,0.8590986132621765,0.9539401531219482,7505.13671875,-2505.13671875,2505.13671875
168335,4,219,1,argmax,2.622894525527954,1,0.07259243726730347,0.8548248410224915,0.8500425815582275,0.922635018825531,14752.744140625,-9752.744140625,9752.744140625
189354,5,32,2,argmax,3.0745630264282227,2,0.04620981216430664,0.7230112552642822,0.7005795836448669,0.7467893958091736,6489.375,-1489.375,1489.375
168908,6,45,2,argmax,2.7674548625946045,2,0.06282168626785278,0.7471593022346497,0.7490746974945068,0.8118963837623596,5500.201171875,-500.201171875,500.201171875
168908,7,75,2,argmax,2.1865227222442627,2,0.11230659484863281,0.7230936288833618,0.730349063873291,0.8426556587219238,5649.7451171875,-649.745361328125,649.745361328125
189354,8,77,2,argmax,2.6919021606445312,2,0.067751944065094,0.6714140176773071,0.665679395198822,0.733431339263916,5064.42138671875,-64.42138671875,64.42138671875
189354,9,96,2,argmax,3.729212760925293,2,0.024011731147766113,0.6795600652694702,0.6900668144226074,0.7140785455703735,5725.22900390625,-725.22900390625,725.22900390625
168908,10,159,2,argmax,3.1810302734375,2,0.04154282808303833,0.7827239036560059,0.7795104384422302,0.8210532665252686,6077.19677734375,-1077.19677734375,1077.19677734375
168908,11,199,2,argmax,3.5541722774505615,2,0.02860504388809204,0.7935841679573059,0.810986340045929,0.839591383934021,5413.94189453125,-413.94189453125,413.94189453125
168908,12,221,2,argmax,2.408679962158203,2,0.08993393182754517,0.759767472743988,0.7502757906913757,0.8402097225189209,5963.3505859375,-963.3505859375,963.3505859375
168335,13,9,3,argmax,27.63102149963379,3,0.0,0.9386849403381348,0.9304710626602173,0.9304710626602173,5243.9111328125,-243.9111328125,243.9111328125
168908,14,28,3,argmax,3.544477939605713,3,0.028883695602416992,0.7813398838043213,0.7771648168563843,0.8060485124588013,5544.2958984375,-544.295654296875,544.295654296875
168908,15,31,3,argmax,2.6900546550750732,3,0.06787723302841187,0.7481513023376465,0.7399905323982239,0.8078677654266357,7114.208984375,-2114.208740234375,2114.208740234375
168908,16,33,3,argmax,27.63102149963379,3,0.0,0.8363311886787415,0.8343042731285095,0.8343042731285095,6239.1171875,-1239.1171875,1239.1171875
168908,17,52,3,argmax,4.225666046142578,3,0.01461559534072876,0.8151971697807312,0.8077259659767151,0.8223415613174438,5475.5498046875,-475.5498046875,475.5498046875
189354,18,57,3,argmax,2.2301905155181885,3,0.10750794410705566,0.5995397567749023,0.5968876481056213,0.704395592212677,9254.4501953125,-4254.4501953125,4254.4501953125
168908,19,72,3,argmax,27.63102149963379,3,0.0,0.8422012329101562,0.8350875973701477,0.8350875973701477,5952.1513671875,-952.151611328125,952.151611328125
189354,20,92,3,argmax,1.8816502094268799,3,0.15233850479125977,0.6143950819969177,0.6145687699317932,0.766907274723053,9344.85546875,-4344.85498046875,4344.85498046875
168908,21,99,3,argmax,3.116793155670166,3,0.04429900646209717,0.744472324848175,0.7426615357398987,0.7869605422019958,5945.43603515625,-945.4359130859375,945.4359130859375
168908,22,111,3,argmax,3.8591301441192627,3,0.02108633518218994,0.783469557762146,0.7719056606292725,0.7929919958114624,5860.8798828125,-860.879638671875,860.879638671875
168908,23,134,3,argmax,3.4298503398895264,3,0.03239178657531738,0.7957021594047546,0.7919158339500427,0.8243076205253601,5530.857421875,-530.857177734375,530.857177734375
168908,24,141,3,argmax,5.510492324829102,3,0.0040441155433654785,0.7932602763175964,0.7938758134841919,0.7979199290275574,7483.55224609375,-2483.55224609375,2483.55224609375
168908,25,149,3,argmax,27.63102149963379,3,0.0,0.8162819743156433,0.8257647752761841,0.8257647752761841,5846.552734375,-846.552978515625,846.552978515625
168331,26,152,3,argmax,1.4356216192245483,3,0.23796740174293518,0.4288845956325531,0.43030592799186707,0.6682733297348022,6927.26220703125,-1927.26220703125,1927.26220703125
168908,27,180,3,argmax,27.63102149963379,3,0.0,0.8589799404144287,0.8431733846664429,0.8431733846664429,7840.083984375,-2840.083984375,2840.083984375
168908,28,182,3,argmax,3.11240291595459,3,0.044493913650512695,0.7590262293815613,0.7559685707092285,0.8004624843597412,5518.95263671875,-518.95263671875,518.95263671875
168908,29,194,3,argmax,27.63102149963379,3,0.0,0.7940236926078796,0.799205482006073,0.799205482006073,5261.00341796875,-261.00341796875,261.00341796875
189354,30,203,3,argmax,3.2317020893096924,3,0.0394902229309082,0.6615411043167114,0.6548516750335693,0.6943418979644775,7758.18310546875,-2758.18310546875,2758.18310546875
189354,31,214,3,argmax,2.79520320892334,3,0.061102449893951416,0.6605373024940491,0.672342836856842,0.7334452867507935,6024.275390625,-1024.275146484375,1024.275146484375
168335,32,224,3,argmax,3.5071470737457275,3,0.029982328414916992,0.8673064112663269,0.8799681663513184,0.9099504947662354,8945.771484375,-3945.771484375,3945.771484375
168908,33,8,4,argmax,3.2259950637817383,4,0.039716243743896484,0.7930828332901001,0.8046383857727051,0.8443546295166016,7521.91015625,-2521.91015625,2521.91015625
168908,34,17,4,argmax,6.0778985023498535,4,0.0022929906845092773,0.8052924275398254,0.8035433292388916,0.8058363199234009,7558.1279296875,-2558.127685546875,2558.127685546875
168908,35,25,4,argmax,4.239368438720703,4,0.014416694641113281,0.7967551946640015,0.7955431938171387,0.809959888458252,5610.5224609375,-610.522216796875,610.522216796875
168908,36,34,4,argmax,2.911240577697754,4,0.05440819263458252,0.7215521931648254,0.7267707586288452,0.7811789512634277,7138.8076171875,-2138.8076171875,2138.8076171875
168335,37,58,4,argmax,2.3494133949279785,4,0.09542512893676758,0.8324792385101318,0.8283298015594482,0.9237549304962158,5813.93359375,-813.933349609375,813.933349609375
168908,38,74,4,argmax,2.974097728729248,4,0.05109351873397827,0.7675147652626038,0.767192542552948,0.8182860612869263,5008.314453125,-8.314208984375,8.314208984375
168908,39,89,4,argmax,27.63102149963379,4,0.0,0.823340892791748,0.8359194993972778,0.8359194993972778,5721.708984375,-721.708740234375,721.708740234375
168908,40,138,4,argmax,3.134705066680908,4,0.043512582778930664,0.7543933987617493,0.7604661583900452,0.8039787411689758,5972.86962890625,-972.86962890625,972.86962890625
168908,41,151,4,argmax,3.8865599632263184,4,0.020515799522399902,0.8125336170196533,0.8216642141342163,0.8421800136566162,7332.7001953125,-2332.7001953125,2332.7001953125
168910,42,165,4,argmax,1.7375195026397705,4,0.17595630884170532,0.506794273853302,0.5188174247741699,0.6947737336158752,5317.5380859375,-317.5380859375,317.5380859375
168908,43,172,4,argmax,3.5268826484680176,4,0.029396414756774902,0.7745797634124756,0.7696108222007751,0.79900723695755,6304.2353515625,-1304.235107421875,1304.235107421875
189354,44,195,4,argmax,2.810549736022949,4,0.06017190217971802,0.6425893902778625,0.6421844959259033,0.7023563981056213,6054.40283203125,-1054.4029541015625,1054.4029541015625
189354,45,197,4,argmax,27.63102149963379,4,0.0,0.7571597695350647,0.7534120082855225,0.7534120082855225,5976.10205078125,-976.10205078125,976.10205078125
168908,46,205,4,argmax,3.7299628257751465,4,0.023993730545043945,0.800689697265625,0.8032276630401611,0.8272213935852051,7416.1064453125,-2416.1064453125,2416.1064453125
168908,47,212,4,argmax,27.63102149963379,4,0.0,0.793531596660614,0.778877317905426,0.778877317905426,5649.00390625,-649.0040283203125,649.0040283203125
189354,48,216,4,argmax,3.269441843032837,4,0.03802764415740967,0.6619960069656372,0.6711090207099915,0.7091366648674011,5570.974609375,-570.974853515625,570.974853515625
168908,49,236,4,argmax,3.0855472087860107,4,0.04570502042770386,0.7771952748298645,0.768943190574646,0.8146482110023499,7307.263671875,-2307.263671875,2307.263671875
189354,50,239,4,argmax,3.1873459815979004,4,0.041281282901763916,0.6673814058303833,0.6627086400985718,0.7039899230003357,14628.3779296875,-9628.3779296875,9628.3779296875
168331,51,245,4,argmax,1.9093377590179443,4,0.14817848801612854,0.46309158205986023,0.4656241238117218,0.6138026118278503,5553.953125,-553.953369140625,553.953369140625
168908,52,254,4,argmax,27.63102149963379,4,0.0,0.8022724390029907,0.8025875091552734,0.8025875091552734,6534.2001953125,-1534.199951171875,1534.199951171875
168335,53,3,5,argmax,27.63102149963379,5,0.0,0.8996662497520447,0.9047965407371521,0.9047965407371521,5196.5830078125,-196.583251953125,196.583251953125
189354,54,19,5,argmax,3.3403239250183105,5,0.03542548418045044,0.656331479549408,0.6622790694236755,0.697704553604126,6892.35400390625,-1892.35400390625,1892.35400390625
168908,55,31,5,argmax,27.63102149963379,2,0.0,0.8429661393165588,0.8307854533195496,0.8307854533195496,5361.85009765625,-361.85009765625,361.85009765625
168335,56,45,5,argmax,3.901933193206787,3,0.020202815532684326,0.9152278304100037,0.918901264667511,0.9391040802001953,7674.5107421875,-2674.510986328125,2674.510986328125
168910,57,46,5,argmax,4.024988174438477,5,0.01786363124847412,0.6723483800888062,0.6750824451446533,0.6929460763931274,5360.01904296875,-360.0191650390625,360.0191650390625
168910,58,47,5,argmax,5.124689102172852,5,0.005948066711425781,0.6693788766860962,0.6637991070747375,0.6697471737861633,5023.9658203125,-23.9658203125,23.9658203125
189354,59,78,5,argmax,27.63102149963379,5,0.0,0.7134132981300354,0.7144790887832642,0.7144790887832642,5050.7060546875,-50.7060546875,50.7060546875
168910,60,103,5,argmax,1.7450289726257324,5,0.17463994026184082,0.5219197273254395,0.5396823883056641,0.7143223285675049,5276.63525390625,-276.6353759765625,276.6353759765625
168335,61,105,5,argmax,3.1778759956359863,5,0.04167407751083374,0.8915432095527649,0.8869848847389221,0.9286589622497559,7018.3935546875,-2018.3935546875,2018.3935546875
168335,62,113,5,argmax,4.44869327545166,5,0.011693835258483887,0.8816339373588562,0.8923436999320984,0.9040375351905823,9060.5986328125,-4060.5986328125,4060.5986328125
168335,63,128,5,argmax,2.204375743865967,5,0.11031937599182129,0.8215747475624084,0.819782555103302,0.9301019310951233,8274.2294921875,-3274.229736328125,3274.229736328125
189354,64,132,5,argmax,2.469359874725342,5,0.08463901281356812,0.663431704044342,0.6603151559829712,0.7449541687965393,5006.1220703125,-6.1221923828125,6.1221923828125
189354,65,189,5,argmax,2.8024697303771973,5,0.06066006422042847,0.6700250506401062,0.687567949295044,0.7482280135154724,11808.6005859375,-6808.6005859375,6808.6005859375
168910,66,200,5,argmax,0.9277246594429016,5,0.39545246958732605,0.29323622584342957,0.2955072820186615,0.6909597516059875,5542.45654296875,-542.4564208984375,542.4564208984375
189354,67,205,5,argmax,3.3866190910339355,1,0.033822834491729736,0.6905283331871033,0.6832994222640991,0.7171222567558289,6439.51318359375,-1439.51318359375,1439.51318359375
189354,68,217,5,argmax,27.63102149963379,5,0.0,0.6812311410903931,0.695366382598877,0.695366382598877,6022.91015625,-1022.9100952148438,1022.9100952148438
189354,69,218,5,argmax,2.0718495845794678,5,0.1259526014328003,0.6935606598854065,0.6929236054420471,0.8188762068748474,5456.30908203125,-456.30908203125,456.30908203125
189354,70,56,6,argmax,27.63102149963379,6,0.0,0.7266506552696228,0.7264977097511292,0.7264977097511292,5172.85205078125,-172.8521728515625,172.8521728515625
168910,71,68,6,argmax,2.442260265350342,6,0.08696407079696655,0.6289695501327515,0.6274399757385254,0.7144040465354919,5092.109375,-92.1094970703125,92.1094970703125
168910,72,80,6,argmax,3.0034446716308594,6,0.04961585998535156,0.6502559185028076,0.6281812191009521,0.6777970790863037,5096.7421875,-96.7420654296875,96.7420654296875
189354,73,88,6,argmax,1.9592289924621582,6,0.14096707105636597,0.6048823595046997,0.5951199531555176,0.7360870242118835,5174.62744140625,-174.62738037109375,174.62738037109375
189354,74,115,6,argmax,27.63102149963379,6,0.0,0.7420632243156433,0.7327908873558044,0.7327908873558044,5325.0859375,-325.086181640625,325.086181640625
168910,75,116,6,argmax,2.6696364879608154,6,0.06927740573883057,0.6162344813346863,0.6361426711082458,0.7054200768470764,5897.75634765625,-897.7564697265625,897.7564697265625
168910,76,130,6,argmax,1.840868592262268,6,0.1586795449256897,0.6299626231193542,0.6273358464241028,0.7860153913497925,5419.63134765625,-419.6314697265625,419.6314697265625
189354,77,154,6,argmax,2.669006109237671,6,0.06932109594345093,0.6278090476989746,0.6417130827903748,0.7110341787338257,8288.2265625,-3288.226318359375,3288.226318359375
168910,78,157,6,argmax,0.9356523752212524,6,0.3923298418521881,0.29420891404151917,0.29304102063179016,0.6853708624839783,5093.84814453125,-93.8480224609375,93.8480224609375
189354,79,225,6,argmax,2.0535898208618164,6,0.128273606300354,0.6142908930778503,0.6229860186576843,0.7512596249580383,5054.84765625,-54.847412109375,54.847412109375
189354,80,232,6,argmax,4.712545871734619,6,0.008981883525848389,0.7080151438713074,0.7023724317550659,0.7113543152809143,5341.52001953125,-341.5202331542969,341.5202331542969
168910,81,240,6,argmax,3.1244893074035645,6,0.04395937919616699,0.6578899025917053,0.6687923669815063,0.7127517461776733,5212.98779296875,-212.9876708984375,212.9876708984375
168335,82,19,7,argmax,2.7120816707611084,2,0.06639844179153442,0.8635829091072083,0.8764171600341797,0.9428156018257141,10006.751953125,-5006.75146484375,5006.75146484375
189354,83,43,7,argmax,27.63102149963379,7,0.0,0.6742191314697266,0.6916784048080444,0.6916784048080444,6410.23291015625,-1410.2327880859375,1410.2327880859375
189354,84,56,7,argmax,5.593474864959717,1,0.003722071647644043,0.726081132888794,0.7317559123039246,0.7354779839515686,8002.21240234375,-3002.21240234375,3002.21240234375
189354,85,58,7,argmax,2.9260947704315186,3,0.05360597372055054,0.6406345963478088,0.632759153842926,0.6863651275634766,6104.4921875,-1104.491943359375,1104.491943359375
168331,86,67,7,argmax,3.0423269271850586,7,0.04772371053695679,0.49284759163856506,0.4910556674003601,0.5387793779373169,5969.05908203125,-969.0589599609375,969.0589599609375
168910,87,110,7,argmax,3.2129740715026855,7,0.04023677110671997,0.647060751914978,0.6502105593681335,0.6904473304748535,5567.39794921875,-567.39794921875,567.39794921875
168910,88,120,7,argmax,1.929202675819397,7,0.14526396989822388,0.6151301264762878,0.6148454546928406,0.7601094245910645,5518.294921875,-518.2950439453125,518.2950439453125
168910,89,122,7,argmax,0.9594016671180725,7,0.383122056722641,0.30789715051651,0.3162786662578583,0.6994007229804993,5665.34814453125,-665.3483276367188,665.3483276367188
189354,90,125,7,argmax,3.587644577026367,7,0.02766340970993042,0.6636555194854736,0.6684632897377014,0.6961266994476318,5608.57568359375,-608.5755004882812,608.5755004882812
168910,91,135,7,argmax,1.1090247631072998,7,0.3298805058002472,0.41355589032173157,0.40857741236686707,0.7384579181671143,5394.375,-394.375,394.375
168910,92,161,7,argmax,3.1911637783050537,7,0.04112398624420166,0.6330132484436035,0.6424478888511658,0.6835718750953674,5340.0087890625,-340.0087890625,340.0087890625
189354,93,178,7,argmax,2.46174693107605,7,0.08528584241867065,0.6308570504188538,0.6147821545600891,0.7000679969787598,5372.2333984375,-372.2334899902344,372.2334899902344
168910,94,213,7,argmax,1.9472228288650513,7,0.14266973733901978,0.5256754755973816,0.5312870144844055,0.6739567518234253,5721.91552734375,-721.9153442382812,721.9153442382812
168910,95,221,7,argmax,3.8453102111816406,5,0.02137976884841919,0.6477413177490234,0.6574134826660156,0.6787932515144348,5002.3154296875,-2.315185546875,2.315185546875
168910,96,243,7,argmax,2.4396181106567383,7,0.08719414472579956,0.645889401435852,0.6402021050453186,0.7273962497711182,5130.650390625,-130.650146484375,130.650146484375
168910,97,246,7,argmax,4.589869022369385,7,0.010154187679290771,0.6833324432373047,0.6809834837913513,0.6911376714706421,5596.84228515625,-596.8424682617188,596.8424682617188
168910,98,9,8,argmax,1.1483036279678345,5,0.31717434525489807,0.4445137083530426,0.43323031067848206,0.7504046559333801,5941.8046875,-941.8045654296875,941.8045654296875
168910,99,16,8,argmax,4.482823371887207,8,0.01130145788192749,0.6830683350563049,0.6683014035224915,0.679602861404419,5601.67431640625,-601.67431640625,601.67431640625
189354,100,68,8,argmax,2.24243426322937,2,0.10619968175888062,0.6115453243255615,0.6081089973449707,0.7143086791038513,5368.0185546875,-368.0185546875,368.0185546875
168331,101,107,8,argmax,1.6635384559631348,8,0.18946737051010132,0.4360930621623993,0.4421535134315491,0.6316208839416504,5109.69873046875,-109.69873046875,109.69873046875
168910,102,112,8,argmax,1.3404204845428467,8,0.26173558831214905,0.4112914502620697,0.4104520380496979,0.6721876263618469,5575.67431640625,-575.6742553710938,575.6742553710938
168335,103,117,8,argmax,2.865748405456543,8,0.05694049596786499,0.8800215125083923,0.8669272065162659,0.9238677024841309,6434.02294921875,-1434.02294921875,1434.02294921875
168910,104,123,8,argmax,3.4194345474243164,8,0.032730937004089355,0.6605511903762817,0.6592681407928467,0.691999077796936,5461.45361328125,-461.4537353515625,461.4537353515625
168910,105,137,8,argmax,1.7197580337524414,8,0.17910948395729065,0.47642481327056885,0.4882454574108124,0.667354941368103,5428.10546875,-428.10565185546875,428.10565185546875
168910,106,168,8,argmax,2.701575756072998,8,0.0670996904373169,0.6395139098167419,0.6161332726478577,0.6832329630851746,5262.732421875,-262.732666015625,262.732666015625
168910,107,186,8,argmax,0.9543743133544922,8,0.38505300879478455,0.31213313341140747,0.31964632868766785,0.7046993374824524,5541.76123046875,-541.76123046875,541.76123046875
168335,108,206,8,argmax,3.0689921379089355,8,0.04646795988082886,0.8902947306632996,0.8960276246070862,0.942495584487915,5600.86865234375,-600.8687133789062,600.8687133789062
168910,109,208,8,argmax,3.556565046310425,7,0.028536677360534668,0.6541922092437744,0.6536350250244141,0.6821717023849487,5631.96875,-631.9689331054688,631.9689331054688
168910,110,215,8,argmax,0.743622362613678,8,0.475388765335083,0.23100747168064117,0.22032777965068817,0.6957165598869324,5171.7578125,-171.7578125,171.7578125
168910,111,220,8,argmax,1.3440803289413452,8,0.2607794404029846,0.413725882768631,0.4192993640899658,0.6800788044929504,5550.875,-550.875,550.875
168910,112,238,8,argmax,0.7592509388923645,8,0.4680168628692627,0.24218375980854034,0.2281988114118576,0.6962156891822815,5497.18310546875,-497.18310546875,497.18310546875
168335,113,241,8,argmax,3.2344439029693604,8,0.039382100105285645,0.8951204419136047,0.8934131860733032,0.9327952861785889,5111.40771484375,-111.40795135498047,111.40795135498047
168335,114,1,9,argmax,27.63102149963379,9,0.0,0.9272993803024292,0.9301764965057373,0.9301764965057373,5706.45703125,-706.456787109375,706.456787109375
168910,115,36,9,argmax,2.7847704887390137,9,0.06174325942993164,0.6334215998649597,0.640438973903656,0.7021822333335876,5591.10693359375,-591.1068115234375,591.1068115234375
168331,116,81,9,argmax,3.0554916858673096,9,0.047099560499191284,0.4695717692375183,0.47370776534080505,0.5208073258399963,5151.0048828125,-151.0047607421875,151.0047607421875
168335,117,106,9,argmax,27.63102149963379,9,0.0,0.9256327748298645,0.9307905435562134,0.9307905435562134,6588.32275390625,-1588.32275390625,1588.32275390625
168335,118,233,9,argmax,3.940373659133911,9,0.019440948963165283,0.8978519439697266,0.9023286700248718,0.9217696189880371,7419.64404296875,-2419.64404296875,2419.64404296875
168335,119,163,10,argmax,27.63102149963379,10,0.0,0.9126103520393372,0.9167165160179138,0.9167165160179138,12890.94140625,-7890.94189453125,7890.94189453125
168335,120,228,10,argmax,4.074151515960693,10,0.017006635665893555,0.9176267981529236,0.9222550392150879,0.9392616748809814,14802.6630859375,-9802.6630859375,9802.6630859375
168335,121,235,10,argmax,27.63102149963379,10,0.0,0.9255664348602295,0.9218153357505798,0.9218153357505798,13967.6845703125,-8967.6845703125,8967.6845703125
168868,122,0,11,argmax,5.55479097366333,11,0.00386887788772583,1.0,0.9904207587242126,0.9942896366119385,5004.62646484375,-4.6266632080078125,4.6266632080078125
168335,123,42,11,argmax,27.63102149963379,11,0.0,0.9430230259895325,0.9461085796356201,0.9461085796356201,5006.203125,-6.203369140625,6.203369140625
168335,124,134,11,argmax,27.63102149963379,8,0.0,0.9259651303291321,0.9259952306747437,0.9259952306747437,5344.853515625,-344.853271484375,344.853271484375
168331,125,171,11,argmax,1.7531296014785767,11,0.17323094606399536,0.4693969786167145,0.45521026849746704,0.6284412145614624,5036.61962890625,-36.61981201171875,36.61981201171875
168868,126,61,12,argmax,5.331367015838623,12,0.004837453365325928,1.0,0.9914187788963318,0.9962562322616577,5180.06884765625,-180.06906127929688,180.06906127929688
168331,127,65,12,argmax,2.99647855758667,12,0.04996269941329956,0.5063338875770569,0.5092670917510986,0.5592297911643982,5115.0341796875,-115.03424072265625,115.03424072265625
168331,128,188,12,argmax,2.6044912338256836,12,0.07394075393676758,0.488175630569458,0.48139339685440063,0.5553341507911682,5077.20703125,-77.20721435546875,77.20721435546875
168335,129,237,12,argmax,3.599799394607544,12,0.027329206466674805,0.900852620601654,0.8984577059745789,0.9257869124412537,9932.6513671875,-4932.6513671875,4932.6513671875
168331,130,14,13,argmax,27.63102149963379,13,0.0,0.555972158908844,0.5571547746658325,0.5571547746658325,5360.642578125,-360.64251708984375,360.64251708984375
168331,131,21,13,argmax,1.7939016819000244,13,0.16631001234054565,0.4956413209438324,0.4982086420059204,0.6645186543464661,7480.64453125,-2480.64453125,2480.64453125
168331,132,36,13,argmax,2.1590588092803955,4,0.1154337227344513,0.442929208278656,0.443496435880661,0.5589301586151123,6326.30615234375,-1326.3062744140625,1326.3062744140625
168331,133,109,13,argmax,1.4901641607284546,13,0.22533565759658813,0.31405073404312134,0.3173246383666992,0.5426602959632874,5350.42578125,-350.426025390625,350.426025390625
168868,134,144,13,argmax,27.63102149963379,13,0.0,1.0,0.9967808723449707,0.9967808723449707,5189.818359375,-189.818115234375,189.818115234375
168331,135,156,13,argmax,1.8585646152496338,13,0.15589624643325806,0.4293665289878845,0.43271005153656006,0.5886062979698181,5381.37109375,-381.370849609375,381.370849609375
168868,136,196,13,argmax,27.63102149963379,13,0.0,0.9968297481536865,0.9969519972801208,0.9969519972801208,6725.58544921875,-1725.58544921875,1725.58544921875
168868,137,223,13,argmax,6.609208106994629,13,0.0013478994369506836,0.9982444047927856,0.994657576084137,0.9960054755210876,5036.369140625,-36.368896484375,36.368896484375
168335,138,18,14,argmax,4.342113018035889,14,0.01300901174545288,0.9143825769424438,0.9151966571807861,0.928205668926239,13019.2138671875,-8019.2138671875,8019.2138671875
168331,139,80,14,argmax,2.6251790523529053,8,0.07242679595947266,0.4506228268146515,0.46004408597946167,0.5324708819389343,5404.06103515625,-404.0611267089844,404.0611267089844
168335,140,184,14,argmax,3.5674540996551514,14,0.028227627277374268,0.8839930891990662,0.881375789642334,0.9096034169197083,5140.33740234375,-140.33746337890625,140.33746337890625
168335,141,189,14,argmax,2.1151347160339355,1,0.12061703205108643,0.802820086479187,0.8256828784942627,0.9462999105453491,9185.34375,-4185.34375,4185.34375
168331,142,207,14,argmax,3.9545183181762695,14,0.01916790008544922,0.5106189250946045,0.5005518198013306,0.5197197198867798,5060.97802734375,-60.97802734375,60.97802734375
168868,143,230,14,argmax,27.63102149963379,14,0.0,0.9999857544898987,0.9958686828613281,0.9958686828613281,5519.548828125,-519.549072265625,519.549072265625
168331,144,20,15,argmax,3.202685832977295,15,0.04065287113189697,0.4809022843837738,0.4742194414138794,0.5148723125457764,5204.3125,-204.31228637695312,204.31228637695312
168868,145,94,15,argmax,27.63102149963379,10,0.0,0.9961800575256348,0.9951775074005127,0.9951775074005127,7710.6689453125,-2710.669189453125,2710.669189453125
168868,146,146,15,argmax,27.63102149963379,15,0.0,0.9975585341453552,0.9953635334968567,0.9953635334968567,5199.60107421875,-199.60092163085938,199.60092163085938
168335,147,162,15,argmax,6.964859962463379,15,0.0009444952011108398,0.9299504160881042,0.9303361773490906,0.9312806725502014,5111.94091796875,-111.94087219238281,111.94087219238281
168335,148,249,15,argmax,3.0730371475219727,15,0.0462803840637207,0.9035724401473999,0.8988073468208313,0.945087730884552,5136.833984375,-136.83416748046875,136.83416748046875
168331,149,252,15,argmax,2.190298080444336,15,0.11188340187072754,0.48588430881500244,0.4678229093551636,0.5797063112258911,5312.21630859375,-312.21630859375,312.21630859375
189862,150,24,16,argmax,3.9072461128234863,16,0.020095765590667725,0.8504630923271179,0.8451827764511108,0.8652785420417786,5016.541015625,-16.541168212890625,16.541168212890625
168331,151,27,16,argmax,2.7076685428619385,16,0.06669211387634277,0.591376006603241,0.576084315776825,0.6427764296531677,5242.9658203125,-242.9656524658203,242.9656524658203
168331,152,58,16,argmax,1.9522862434387207,9,0.14194917678833008,0.46837493777275085,0.45426487922668457,0.5962140560150146,5132.15966796875,-132.1595458984375,132.1595458984375
168335,153,60,16,argmax,27.63102149963379,16,0.0,0.949049174785614,0.9482331275939941,0.9482331275939941,5046.14501953125,-46.144927978515625,46.144927978515625
168868,154,121,16,argmax,6.416504383087158,16,0.001634359359741211,0.9886558055877686,0.9932319521903992,0.9948663115501404,5198.59033203125,-198.59027099609375,198.59027099609375
168331,155,175,16,argmax,2.100639820098877,16,0.12237811088562012,0.42807286977767944,0.42324942350387573,0.5456275343894958,5019.8818359375,-19.8817138671875,19.8817138671875
168335,156,201,16,argmax,4.075228214263916,16,0.01698833703994751,0.9143615365028381,0.9059880971908569,0.9229764342308044,10888.162109375,-5888.162109375,5888.162109375
168868,157,211,16,argmax,8.204769134521484,16,0.0002733469009399414,1.0,0.9952800869941711,0.9955534338951111,5454.1337890625,-454.13385009765625,454.13385009765625
168335,158,244,16,argmax,27.63102149963379,16,0.0,0.9386436343193054,0.940326452255249,0.940326452255249,5089.05322265625,-89.0531005859375,89.0531005859375
168331,159,246,16,argmax,2.1917061805725098,9,0.11172595620155334,0.479915976524353,0.48271557688713074,0.5944415330886841,5401.158203125,-401.1580810546875,401.1580810546875
168868,160,254,16,argmax,27.63102149963379,12,0.0,0.9993570446968079,0.994414746761322,0.994414746761322,5019.4638671875,-19.4638671875,19.4638671875
168868,161,40,17,argmax,8.19005012512207,17,0.00027740001678466797,1.0,0.9959902763366699,0.9962676763534546,5310.169921875,-310.1700439453125,310.1700439453125
168868,162,119,17,argmax,8.353049278259277,17,0.00023567676544189453,1.0,0.9962144494056702,0.9964501261711121,5055.4951171875,-55.49493408203125,55.49493408203125
168868,163,166,17,argmax,27.63102149963379,17,0.0,1.0,0.9959446787834167,0.9959446787834167,5023.68310546875,-23.683326721191406,23.683326721191406
168868,164,209,17,argmax,5.77321195602417,17,0.003109753131866455,1.0,0.9925766587257385,0.995686411857605,5151.140625,-151.14073181152344,151.14073181152344
168868,165,8,18,argmax,27.63102149963379,14,0.0,1.0,0.9955040812492371,0.9955040812492371,5386.2119140625,-386.21185302734375,386.21185302734375
168331,166,37,18,argmax,27.63102149963379,18,0.0,0.5458496809005737,0.5464659333229065,0.5464659333229065,5289.8583984375,-289.85858154296875,289.85858154296875
168868,167,55,18,argmax,6.66023588180542,18,0.0012808442115783691,1.0,0.992735743522644,0.9940165877342224,5293.60693359375,-293.60687255859375,293.60687255859375
168868,168,70,18,argmax,7.369852066040039,18,0.0006299614906311035,1.0,0.9944943785667419,0.995124340057373,5078.64794921875,-78.64790344238281,78.64790344238281
168868,169,174,18,argmax,6.517296314239502,18,0.001477658748626709,1.0,0.9950067400932312,0.9964843988418579,5431.37353515625,-431.3733215332031,431.3733215332031
168868,170,92,19,argmax,27.63102149963379,16,0.0,0.9969627261161804,0.9958953261375427,0.9958953261375427,5352.22705078125,-352.22705078125,352.22705078125
168868,171,158,19,argmax,27.63102149963379,19,0.0,1.0,0.9961612820625305,0.9961612820625305,5132.84814453125,-132.84805297851562,132.84805297851562
168868,172,210,19,argmax,27.63102149963379,19,0.0,1.0,0.99629807472229,0.99629807472229,5157.35302734375,-157.35313415527344,157.35313415527344
168868,173,218,19,argmax,5.347201347351074,14,0.004761457443237305,0.9955215454101562,0.9921791553497314,0.9969406127929688,5131.955078125,-131.95489501953125,131.95489501953125
168331,174,86,20,argmax,1.2467975616455078,20,0.2874237895011902,0.3665090501308441,0.3699633479118347,0.6573871374130249,5146.7705078125,-146.77072143554688,146.77072143554688
168331,175,111,20,argmax,3.109727144241333,17,0.04461312294006348,0.5744259357452393,0.5802328586578369,0.6248459815979004,5035.91943359375,-35.919647216796875,35.919647216796875
168868,176,100,21,argmax,27.63102149963379,21,0.0,0.9961795210838318,0.9966439604759216,0.9966439604759216,5033.72998046875,-33.72998046875,33.72998046875
168868,177,118,21,argmax,27.63102149963379,21,0.0,1.0,0.9951319694519043,0.9951319694519043,5026.89794921875,-26.897865295410156,26.897865295410156
168868,178,141,21,argmax,27.63102149963379,18,0.0,1.0,0.9948548674583435,0.9948548674583435,5059.61572265625,-59.615570068359375,59.615570068359375
168331,179,226,21,argmax,1.7590758800506592,21,0.172203928232193,0.4203604459762573,0.43802782893180847,0.6102317571640015,5165.2119140625,-165.2119140625,165.2119140625
168331,180,50,22,argmax,2.5931715965270996,22,0.07478249073028564,0.5043023228645325,0.5058178901672363,0.580600380897522,5062.3955078125,-62.395538330078125,62.395538330078125
168868,181,101,22,argmax,27.63102149963379,22,0.0,0.9994348287582397,0.9956446290016174,0.9956446290016174,5098.9912109375,-98.9910888671875,98.9910888671875
168331,182,123,22,argmax,2.076923370361328,6,0.12531515955924988,0.46593403816223145,0.4562472403049469,0.5815623998641968,5106.73291015625,-106.7327880859375,106.7327880859375
168868,183,138,22,argmax,27.63102149963379,18,0.0,0.9966655969619751,0.9960814714431763,0.9960814714431763,5234.1005859375,-234.1004638671875,234.1004638671875
168868,184,169,22,argmax,27.63102149963379,22,0.0,1.0,0.9959599375724792,0.9959599375724792,5166.75634765625,-166.75628662109375,166.75628662109375
168331,185,170,22,argmax,2.280399799346924,22,0.1022433340549469,0.47450000047683716,0.48350706696510315,0.58575040102005,5008.64208984375,-8.64190673828125,8.64190673828125
168868,186,172,22,argmax,27.63102149963379,18,0.0,1.0,0.9962905049324036,0.9962905049324036,5222.22998046875,-222.22988891601562,222.22988891601562
168868,187,212,22,argmax,7.644467830657959,18,0.0004786849021911621,1.0,0.995663583278656,0.9961422681808472,5669.4404296875,-669.4405517578125,669.4405517578125
189862,188,26,23,argmax,3.2874207496643066,23,0.03735005855560303,0.8082572817802429,0.8086972236633301,0.8460472822189331,5356.888671875,-356.888671875,356.888671875
168868,189,130,23,argmax,27.63102149963379,17,0.0,1.0,0.9959940910339355,0.9959940910339355,5440.96044921875,-440.9605712890625,440.9605712890625
168331,190,179,23,argmax,3.9975247383117676,22,0.018361032009124756,0.5273491740226746,0.5072323083877563,0.5255933403968811,5189.376953125,-189.376708984375,189.376708984375
189862,191,90,24,argmax,5.283327579498291,24,0.005075514316558838,0.8707215189933777,0.870512843132019,0.8755883574485779,5198.34130859375,-198.3414306640625,198.3414306640625
168331,192,140,24,argmax,2.66990065574646,24,0.06925910711288452,0.4900892972946167,0.49436646699905396,0.5636255741119385,5024.1796875,-24.179779052734375,24.179779052734375
168331,193,142,24,argmax,2.0626578330993652,24,0.1271156668663025,0.4933468997478485,0.48820728063583374,0.6153229475021362,5022.37890625,-22.37890625,22.37890625
168331,194,160,24,argmax,2.224160671234131,24,0.1081581711769104,0.4829389154911041,0.46736717224121094,0.5755253434181213,5088.26953125,-88.26962280273438,88.26962280273438
189862,195,194,24,argmax,2.8269991874694824,21,0.059190213680267334,0.8311534523963928,0.8188230991363525,0.8780133128166199,5090.52197265625,-90.52218627929688,90.52218627929688
189862,196,250,24,argmax,27.63102149963379,24,0.0,0.8584393858909607,0.866732120513916,0.866732120513916,5466.02001953125,-466.01983642578125,466.01983642578125
189862,197,69,25,argmax,27.63102149963379,25,0.0,0.857001781463623,0.8444576859474182,0.8444576859474182,5104.01123046875,-104.0111083984375,104.0111083984375
189862,198,13,26,argmax,3.1453115940093994,26,0.043053507804870605,0.8262778520584106,0.835422158241272,0.8784756660461426,5008.14697265625,-8.146896362304688,8.146896362304688
189865,199,87,26,argmax,4.757248878479004,26,0.008589208126068115,0.931606113910675,0.9288219213485718,0.9374111294746399,5082.75244140625,-82.75224304199219,82.75224304199219
189865,200,79,27,argmax,6.733645915985107,27,0.001190185546875,0.9471516013145447,0.942028284072876,0.943218469619751,5132.04931640625,-132.04937744140625,132.04937744140625
189865,201,222,27,argmax,4.686864852905273,27,0.00921553373336792,0.9380877017974854,0.9427724480628967,0.9519879817962646,5177.064453125,-177.0645294189453,177.0645294189453
189862,202,85,28,argmax,4.340428352355957,28,0.013030946254730225,0.864558219909668,0.8548161387443542,0.8678470849990845,5049.03466796875,-49.034568786621094,49.034568786621094
189862,203,139,28,argmax,27.63102149963379,28,0.0,0.8788630962371826,0.8748371601104736,0.8748371601104736,5011.197265625,-11.197025299072266,11.197025299072266
189862,204,198,28,argmax,4.3553361892700195,28,0.012838125228881836,0.8572950959205627,0.8576414585113525,0.8704795837402344,5346.74072265625,-346.7408142089844,346.7408142089844
189862,205,229,28,argmax,27.63102149963379,28,0.0,0.853896975517273,0.8640581369400024,0.8640581369400024,5127.34765625,-127.34771728515625,127.34771728515625
189865,206,4,29,argmax,27.63102149963379,29,0.0,0.9587042331695557,0.9544788599014282,0.9544788599014282,5313.69287109375,-313.6930236816406,313.6930236816406
189862,207,9,29,argmax,27.63102149963379,21,0.0,0.8515825271606445,0.8661404252052307,0.8661404252052307,5454.89501953125,-454.89508056640625,454.89508056640625
189862,208,54,29,argmax,27.63102149963379,29,0.0,0.8595631122589111,0.8531221747398376,0.8531221747398376,5190.55810546875,-190.5582275390625,190.5582275390625
189865,209,5,30,argmax,5.594516277313232,30,0.0037181973457336426,0.9438356757164001,0.9509208798408508,0.9546390771865845,5277.39794921875,-277.39788818359375,277.39788818359375
189865,210,6,30,argmax,27.63102149963379,30,0.0,0.9433887600898743,0.9481427073478699,0.9481427073478699,3292.27880859375,1707.7210693359375,0.0
189862,211,7,30,argmax,3.3984413146972656,30,0.033425331115722656,0.8298983573913574,0.8418524265289307,0.8752777576446533,4256.7841796875,743.2156982421875,0.0
189865,212,10,30,argmax,4.708261489868164,30,0.009020447731018066,0.9254032373428345,0.9360925555229187,0.9451130032539368,4070.3671875,929.6328735351562,0.0
189862,213,12,30,argmax,4.24276876449585,30,0.014367759227752686,0.8647085428237915,0.8459311127662659,0.8602988719940186,4163.52099609375,836.47900390625,0.0
189865,214,15,30,argmax,5.680227279663086,30,0.003412783145904541,0.9532281756401062,0.9410010576248169,0.9444138407707214,2554.774169921875,2445.225830078125,0.0
189865,215,29,30,argmax,27.63102149963379,30,0.0,0.9675964713096619,0.9546754360198975,0.9546754360198975,3449.461669921875,1550.538330078125,0.0
189865,216,30,30,argmax,4.825209617614746,30,0.008024871349334717,0.9289852380752563,0.9380800724029541,0.9461049437522888,5018.4443359375,-18.44411849975586,18.44411849975586
189865,217,32,30,argmax,27.63102149963379,28,0.0,0.9529581665992737,0.9453906416893005,0.9453906416893005,5340.9560546875,-340.9558410644531,340.9558410644531
189865,218,35,30,argmax,5.071904182434082,30,0.006270468235015869,0.9362991452217102,0.9356248378753662,0.9418953061103821,3367.67822265625,1632.3218994140625,0.0
189862,219,38,30,argmax,4.943264961242676,30,0.0071312785148620605,0.8597663044929504,0.861510694026947,0.8686419725418091,4062.591064453125,937.408935546875,0.0
189862,220,44,30,argmax,5.505229949951172,30,0.004065454006195068,0.8466334342956543,0.840440571308136,0.844506025314331,4213.3154296875,786.6843872070312,0.0
189865,221,48,30,argmax,4.478003978729248,30,0.011356055736541748,0.9501535892486572,0.9487830996513367,0.9601391553878784,3408.673828125,1591.326171875,0.0
189862,222,49,30,argmax,5.9434967041015625,30,0.002622842788696289,0.8561797142028809,0.8679198622703552,0.8705427050590515,4499.7392578125,500.2608337402344,0.0
189865,223,51,30,argmax,27.63102149963379,30,0.0,0.951381266117096,0.9500507116317749,0.9500507116317749,4693.1923828125,306.80755615234375,0.0
189862,224,53,30,argmax,27.63102149963379,30,0.0,0.8655707240104675,0.8637779951095581,0.8637779951095581,4883.5400390625,116.46012115478516,0.0
189865,225,59,30,argmax,27.63102149963379,30,0.0,0.9503399729728699,0.9484646320343018,0.9484646320343018,4011.328857421875,988.671142578125,0.0
189862,226,62,30,argmax,4.067235946655273,30,0.017124652862548828,0.8478844165802002,0.8468642234802246,0.8639888763427734,3694.38427734375,1305.6158447265625,0.0
189865,227,64,30,argmax,27.63102149963379,30,0.0,0.9448398351669312,0.9518282413482666,0.9518282413482666,3895.984375,1104.0155029296875,0.0
189865,228,66,30,argmax,6.28294563293457,30,0.0018678903579711914,0.9595938324928284,0.9554478526115417,0.9573157429695129,3988.8837890625,1011.1160888671875,0.0
189862,229,76,30,argmax,27.63102149963379,30,0.0,0.8771883249282837,0.894033670425415,0.894033670425415,3130.3408203125,1869.6591796875,0.0
189862,230,77,30,argmax,3.998957395553589,28,0.01833474636077881,0.8561396598815918,0.8479148149490356,0.8662495613098145,5055.64794921875,-55.647979736328125,55.647979736328125
189862,231,82,30,argmax,27.63102149963379,30,0.0,0.8456268906593323,0.829730749130249,0.829730749130249,3976.820556640625,1023.1793823242188,0.0
189865,232,91,30,argmax,27.63102149963379,30,0.0,0.9599427580833435,0.9416007399559021,0.9416007399559021,4126.55419921875,873.44580078125,0.0
189862,233,93,30,argmax,27.63102149963379,30,0.0,0.8387051224708557,0.8449313640594482,0.8449313640594482,5272.23291015625,-272.2328796386719,272.2328796386719
189865,234,97,30,argmax,27.63102149963379,30,0.0,0.9627525806427002,0.9508048295974731,0.9508048295974731,3628.49365234375,1371.5064697265625,0.0
189865,235,108,30,argmax,27.63102149963379,30,0.0,0.9417015910148621,0.9433444142341614,0.9433444142341614,4990.16015625,9.839691162109375,0.0
189865,236,124,30,argmax,5.67326545715332,30,0.0034366250038146973,0.9462109208106995,0.9495760202407837,0.9530126452445984,3844.233154296875,1155.766845703125,0.0
189865,237,126,30,argmax,4.5019659996032715,30,0.011087179183959961,0.9499014019966125,0.9393441081047058,0.9504312872886658,3308.389892578125,1691.610107421875,0.0
189865,238,127,30,argmax,27.63102149963379,30,0.0,0.9311792254447937,0.9558488726615906,0.9558488726615906,3178.8896484375,1821.1104736328125,0.0
189862,239,131,30,argmax,27.63102149963379,30,0.0,0.8693149089813232,0.8771864175796509,0.8771864175796509,3786.37744140625,1213.6224365234375,0.0
189862,240,133,30,argmax,27.63102149963379,30,0.0,0.8811032176017761,0.872967004776001,0.872967004776001,3987.364501953125,1012.6355590820312,0.0
189862,241,143,30,argmax,3.774827241897583,30,0.02294105291366577,0.830346405506134,0.8323937058448792,0.8553347587585449,4914.60595703125,85.39385986328125,0.0
189865,242,147,30,argmax,4.469256401062012,30,0.011455833911895752,0.9645256996154785,0.9509825706481934,0.9624384045600891,4140.4765625,859.5234375,0.0
189862,243,148,30,argmax,4.318048000335693,30,0.013325870037078857,0.8633952736854553,0.8588921427726746,0.8722180128097534,3868.996337890625,1131.003662109375,0.0
189865,244,150,30,argmax,27.63102149963379,30,0.0,0.9294446110725403,0.9385991096496582,0.9385991096496582,2991.7353515625,2008.2646484375,0.0
189862,245,153,30,argmax,3.5125131607055664,30,0.02982187271118164,0.831928551197052,0.8325239419937134,0.862345814704895,4750.693359375,249.30641174316406,0.0
189862,246,155,30,argmax,27.63102149963379,30,0.0,0.8520928025245667,0.8451279401779175,0.8451279401779175,4973.267578125,26.732208251953125,0.0
189862,247,167,30,argmax,27.63102149963379,30,0.0,0.8608513474464417,0.8652818202972412,0.8652818202972412,5240.8095703125,-240.8096466064453,240.8096466064453
189865,248,173,30,argmax,3.864330530166626,30,0.0209769606590271,0.9202010035514832,0.9324501752853394,0.9534271359443665,4414.40283203125,585.5969848632812,0.0
189862,249,176,30,argmax,27.63102149963379,30,0.0,0.8540964722633362,0.862145185470581,0.862145185470581,4819.0224609375,180.97760009765625,0.0
189865,250,183,30,argmax,27.63102149963379,30,0.0,0.9706252217292786,0.9648720026016235,0.9648720026016235,4735.26220703125,264.7379150390625,0.0
189865,251,187,30,argmax,27.63102149963379,30,0.0,0.9490025043487549,0.940828800201416,0.940828800201416,3511.53662109375,1488.4632568359375,0.0
189865,252,204,30,argmax,27.63102149963379,30,0.0,0.9717364311218262,0.9712050557136536,0.9712050557136536,3721.24072265625,1278.7591552734375,0.0
189865,253,242,30,argmax,4.017062187194824,30,0.018005788326263428,0.9427502751350403,0.9467079043388367,0.9647136926651001,3704.390625,1295.6094970703125,0.0
189865,254,52,33,argmax,3.9342360496520996,30,0.019560635089874268,0.9490352869033813,0.9345796704292297,0.954140305519104,4187.7958984375,812.2039794921875,0.0
189865,255,72,33,argmax,7.011692523956299,30,0.0009012818336486816,0.9404113292694092,0.9445362687110901,0.9454375505447388,4642.7841796875,357.2157287597656,0.0
