instance,episode_index,lane,step_count,method,return,episode_length,regret,best_value,best_oracle_value,ground_truth,budget_used,remaining_budget,budget_overshoot
168335,0,136,1,random,2.422600269317627,1,0.08869069814682007,0.8573785424232483,0.8541967868804932,0.9428874850273132,8023.4462890625,-3023.4462890625,3023.4462890625
168908,1,33,2,random,3.325917959213257,2,0.03593951463699341,0.7861942052841187,0.7924597859382629,0.8283993005752563,5779.84814453125,-779.84814453125,779.84814453125
168908,2,52,2,random,2.249613046646118,2,0.10544002056121826,0.705232560634613,0.7112525105476379,0.8166925311088562,5416.4208984375,-416.421142578125,416.421142578125
168908,3,99,2,random,4.078070640563965,2,0.01694011688232422,0.8157274127006531,0.7998520135879517,0.8167921304702759,5536.4931640625,-536.493408203125,536.493408203125
168908,4,149,2,random,2.5899248123168945,2,0.07502567768096924,0.7381791472434998,0.7396349906921387,0.8146606683731079,5393.6884765625,-393.6884765625,393.6884765625
168908,5,172,2,random,3.427046298980713,2,0.03248274326324463,0.7681580781936646,0.7840539813041687,0.8165367245674133,6432.23828125,-1432.238525390625,1432.238525390625
168908,6,194,2,random,3.220369577407837,2,0.03994029760360718,0.7597549557685852,0.7669818997383118,0.806922197341919,5642.5126953125,-642.512451171875,642.512451171875
168908,7,199,2,random,3.113163948059082,2,0.04446005821228027,0.7658227682113647,0.7637498378753662,0.8082098960876465,5155.890625,-155.890869140625,155.890869140625
189354,8,19,3,random,3.8510894775390625,3,0.021256566047668457,0.6666356325149536,0.6581687927246094,0.6794253587722778,5223.77099609375,-223.77099609375,223.77099609375
168908,9,45,3,random,3.5837137699127197,3,0.027772367000579834,0.7884048223495483,0.7764639854431152,0.8042363524436951,7176.82177734375,-2176.82177734375,2176.82177734375
168335,10,60,3,random,27.63102149963379,3,0.0,0.9373189806938171,0.938992977142334,0.938992977142334,16728.85546875,-11728.85546875,11728.85546875
168908,11,72,3,random,27.63102149963379,3,0.0,0.8397448062896729,0.8395754098892212,0.8395754098892212,5789.556640625,-789.556640625,789.556640625
168908,12,75,3,random,3.0827174186706543,3,0.04583454132080078,0.7744182348251343,0.7560766339302063,0.8019111752510071,5643.6669921875,-643.667236328125,643.667236328125
168908,13,134,3,random,2.5721137523651123,3,0.07637393474578857,0.7422682642936707,0.7333264350891113,0.8097003698348999,5493.3359375,-493.3359375,493.3359375
168908,14,141,3,random,2.587117910385132,3,0.07523655891418457,0.7347751259803772,0.7234294414520264,0.7986660003662109,6473.93505859375,-1473.93505859375,1473.93505859375
189354,15,154,3,random,2.2830069065093994,3,0.10197710990905762,0.6032076478004456,0.5915493965148926,0.6935265064239502,20098.06640625,-15098.06640625,15098.06640625
168908,16,180,3,random,3.323878288269043,3,0.036012887954711914,0.7802082300186157,0.7869499921798706,0.8229628801345825,7238.7255859375,-2238.725341796875,2238.725341796875
168908,17,205,3,random,3.815648078918457,3,0.022023439407348633,0.7525507211685181,0.7580491900444031,0.7800726294517517,5526.46875,-526.46875,526.46875
168908,18,212,3,random,2.9315524101257324,3,0.053314208984375,0.786421537399292,0.771767258644104,0.825081467628479,8046.57275390625,-3046.57275390625,3046.57275390625
189354,19,217,3,random,3.1926867961883545,3,0.0410614013671875,0.679293692111969,0.6901155114173889,0.7311769127845764,5824.0654296875,-824.0655517578125,824.0655517578125
168908,20,236,3,random,3.327713966369629,3,0.035875022411346436,0.7850723266601562,0.782164454460144,0.8180394768714905,5946.26171875,-946.26171875,946.26171875
168908,21,253,3,random,3.0583856105804443,3,0.04696345329284668,0.7527062296867371,0.7413806915283203,0.788344144821167,6219.31298828125,-1219.31298828125,1219.31298828125
168908,22,254,3,random,2.9711191654205322,3,0.051245927810668945,0.7400525808334351,0.7439786791801453,0.7952246069908142,7366.03466796875,-2366.03466796875,2366.03466796875
168908,23,8,4,random,2.6549270153045654,4,0.07030397653579712,0.720916211605072,0.7273268103599548,0.797630786895752,5161.474609375,-161.474609375,161.474609375
168908,24,25,4,random,2.7214696407318115,4,0.06577801704406738,0.7260633111000061,0.7268359661102295,0.7926139831542969,5821.0673828125,-821.0675659179688,821.0675659179688
168908,25,28,4,random,2.793586254119873,4,0.06120133399963379,0.7591274976730347,0.7510017156600952,0.812203049659729,7296.5654296875,-2296.565185546875,2296.565185546875
168908,26,34,4,random,2.6726152896881104,4,0.06907135248184204,0.7235027551651001,0.7162951827049255,0.7853665351867676,5112.99267578125,-112.9927978515625,112.9927978515625
168908,27,84,4,random,27.63102149963379,4,0.0,0.7956697940826416,0.8004136681556702,0.8004136681556702,5459.025390625,-459.025634765625,459.025634765625
189354,28,94,4,random,2.2831289768218994,4,0.10196465253829956,0.6057389378547668,0.6036747694015503,0.7056394219398499,8575.310546875,-3575.31103515625,3575.31103515625
189354,29,96,4,random,27.63102149963379,4,0.0,0.6680893301963806,0.6836683750152588,0.6836683750152588,5597.66943359375,-597.6693115234375,597.6693115234375
168908,30,111,4,random,2.2376112937927246,4,0.10671311616897583,0.7373496294021606,0.7303072214126587,0.8370203375816345,7852.7216796875,-2852.721923828125,2852.721923828125
189354,31,132,4,random,2.666334629058838,4,0.06950652599334717,0.6588879227638245,0.6588545441627502,0.7283610701560974,5447.796875,-447.7967529296875,447.7967529296875
168908,32,138,4,random,2.686180830001831,4,0.06814068555831909,0.7567006945610046,0.7546935081481934,0.8228341937065125,6403.56591796875,-1403.5660400390625,1403.5660400390625
168908,33,151,4,random,4.143578052520752,4,0.015865981578826904,0.7986733913421631,0.7910131216049194,0.8068791031837463,6118.30029296875,-1118.3004150390625,1118.3004150390625
168908,34,159,4,random,2.4412155151367188,4,0.08705496788024902,0.7354500889778137,0.7262580394744873,0.8133130073547363,5906.640625,-906.6405029296875,906.6405029296875
168908,35,177,4,random,3.8824920654296875,4,0.020599424839019775,0.7576096653938293,0.7704347968101501,0.7910342216491699,6009.24462890625,-1009.24462890625,1009.24462890625
189354,36,178,4,random,3.9760777950286865,4,0.018759071826934814,0.6831684112548828,0.6799322366714478,0.6986913084983826,5492.9736328125,-492.9735107421875,492.9735107421875
168908,37,182,4,random,2.567697763442993,4,0.07671195268630981,0.7603229284286499,0.7492890954017639,0.8260010480880737,6845.12109375,-1845.120849609375,1845.120849609375
189354,38,218,4,random,3.038630723953247,4,0.04790043830871582,0.6717546582221985,0.6703017950057983,0.7182022333145142,5797.11572265625,-797.11572265625,797.11572265625
168908,39,221,4,random,27.63102149963379,4,0.0,0.7759261727333069,0.7936486601829529,0.7936486601829529,5131.7880859375,-131.787841796875,131.787841796875
168908,40,17,5,random,5.568394184112549,5,0.0038166046142578125,0.8116922378540039,0.8029886484146118,0.8068052530288696,7142.6826171875,-2142.682861328125,2142.682861328125
168908,41,31,5,random,3.0172088146209717,5,0.04893761873245239,0.7857852578163147,0.7776244878768921,0.8265621066093445,6954.00537109375,-1954.00537109375,1954.00537109375
189354,42,43,5,random,2.061305046081543,5,0.12728774547576904,0.642818808555603,0.631722092628479,0.759009838104248,6394.05419921875,-1394.0540771484375,1394.0540771484375
189354,43,56,5,random,3.9808967113494873,5,0.01866888999938965,0.6752397418022156,0.6770463585853577,0.6957152485847473,5440.41064453125,-440.41064453125,440.41064453125
189354,44,77,5,random,2.5705361366271973,5,0.07649451494216919,0.6509981155395508,0.6487723588943481,0.7252668738365173,5028.96484375,-28.96490478515625,28.96490478515625
189354,45,115,5,random,3.192533016204834,5,0.04106771945953369,0.6719726920127869,0.6561845541000366,0.6972522735595703,6606.208984375,-1606.208740234375,1606.208740234375
189354,46,189,5,random,3.3683676719665527,5,0.03444582223892212,0.6505628228187561,0.6507329344749451,0.6851787567138672,6078.19921875,-1078.1993408203125,1078.1993408203125
189354,47,195,5,random,2.2065846920013428,5,0.1100759506225586,0.6302668452262878,0.6265574097633362,0.7366333603858948,5211.25244140625,-211.25265502929688,211.25265502929688
189354,48,197,5,random,4.184398174285889,5,0.01523137092590332,0.6735537052154541,0.6845269203186035,0.6997582912445068,7225.90185546875,-2225.90185546875,2225.90185546875
189354,49,214,5,random,3.0136380195617676,5,0.049112677574157715,0.6799359321594238,0.6701368689537048,0.7192495465278625,5717.359375,-717.3592529296875,717.3592529296875
189354,50,225,5,random,2.7728404998779297,5,0.0624842643737793,0.726530909538269,0.708345890045166,0.7708301544189453,9062.740234375,-4062.73974609375,4062.73974609375
189354,51,57,6,random,2.3418378829956055,6,0.09615075588226318,0.6415460705757141,0.6415441632270813,0.7376949191093445,5100.3017578125,-100.3018798828125,100.3018798828125
189354,52,78,6,random,3.1960251331329346,6,0.0409245491027832,0.6528477072715759,0.6613688468933105,0.7022933959960938,8447.1318359375,-3447.131591796875,3447.131591796875
168335,53,134,6,random,2.975081443786621,3,0.05104327201843262,0.8670324087142944,0.8705294728279114,0.921572744846344,9348.4443359375,-4348.4443359375,4348.4443359375
168335,54,224,6,random,2.448634147644043,6,0.08641153573989868,0.8630669116973877,0.8580995798110962,0.9445111155509949,8054.375,-3054.374755859375,3054.374755859375
189354,55,232,6,random,3.8784754276275635,6,0.020682334899902344,0.6916099786758423,0.6859672665596008,0.7066496014595032,5185.771484375,-185.771728515625,185.771728515625
189354,56,239,6,random,1.4959770441055298,6,0.22402960062026978,0.6643652319908142,0.6690155863761902,0.89304518699646,5344.5361328125,-344.536376953125,344.536376953125
189354,57,88,7,random,2.293231964111328,7,0.10093969106674194,0.6646225452423096,0.6681662797927856,0.7691059708595276,5298.693359375,-298.69329833984375,298.69329833984375
189354,58,92,7,random,3.6452293395996094,7,0.02611541748046875,0.6979166865348816,0.6882790923118591,0.7143945097923279,5071.072265625,-71.072265625,71.072265625
189354,59,216,7,random,2.0911812782287598,7,0.12354111671447754,0.5841214060783386,0.5917096734046936,0.7152507901191711,6344.66796875,-1344.667724609375,1344.667724609375
168335,60,18,8,random,4.387833118438721,8,0.01242762804031372,0.9321286082267761,0.9227582812309265,0.9351859092712402,5195.8583984375,-195.858642578125,195.858642578125
189354,61,32,8,random,3.580606698989868,8,0.02785879373550415,0.7121840715408325,0.6998010277748108,0.7276598215103149,5439.89306640625,-439.89324951171875,439.89324951171875
189354,62,63,8,random,3.227526903152466,8,0.039655447006225586,0.7011175155639648,0.6877226829528809,0.7273781299591064,5909.77734375,-909.777099609375,909.777099609375
168910,63,68,8,random,3.3170645236968994,8,0.03625911474227905,0.6523730158805847,0.6508434414863586,0.6871025562286377,5412.77587890625,-412.77581787109375,412.77581787109375
168910,64,80,8,random,2.3972434997558594,8,0.09096837043762207,0.5815939903259277,0.5830629467964172,0.6740313172340393,5437.994140625,-437.9942321777344,437.9942321777344
168331,65,81,8,random,5.091709136962891,8,0.006147503852844238,0.5502818822860718,0.5475990772247314,0.5537465810775757,5315.13818359375,-315.13818359375,315.13818359375
168910,66,123,8,random,2.898317337036133,8,0.05511587858200073,0.6630954146385193,0.6531826853752136,0.7082985639572144,5137.6796875,-137.67962646484375,137.67962646484375
189354,67,125,8,random,2.371384859085083,8,0.09335136413574219,0.6703695058822632,0.6730382442474365,0.7663896083831787,5267.25244140625,-267.2524108886719,267.2524108886719
168910,68,130,8,random,27.63102149963379,8,0.0,0.6770817637443542,0.6942386031150818,0.6942386031150818,5215.9765625,-215.97637939453125,215.97637939453125
189354,69,141,8,random,27.63102149963379,5,0.0,0.7142434120178223,0.7249197363853455,0.7249197363853455,5461.580078125,-461.5799255371094,461.5799255371094
168868,70,174,8,random,4.131717205047607,8,0.016055285930633545,0.9873700141906738,0.980672299861908,0.9967275857925415,7997.984375,-2997.984130859375,2997.984130859375
189354,71,203,8,random,2.7917025089263916,8,0.061316728591918945,0.6155961751937866,0.6230026483535767,0.6843193769454956,5884.6611328125,-884.6612548828125,884.6612548828125
168910,72,215,8,random,2.5292539596557617,8,0.07971847057342529,0.6117451786994934,0.6140461564064026,0.6937646269798279,5101.4150390625,-101.41488647460938,101.41488647460938
168910,73,2,9,random,3.810352087020874,9,0.02214038372039795,0.6489006280899048,0.652036190032959,0.6741765737533569,5118.099609375,-118.099853515625,118.099853515625
189354,74,19,9,random,27.63102149963379,6,0.0,0.7398205995559692,0.7452057003974915,0.7452057003974915,5523.1513671875,-523.151611328125,523.151611328125
168910,75,36,9,random,3.1653103828430176,9,0.04220104217529297,0.6261071562767029,0.6355132460594177,0.6777142882347107,5288.16552734375,-288.1656799316406,288.1656799316406
168910,76,47,9,random,27.63102149963379,9,0.0,0.6801504492759705,0.6715289950370789,0.6715289950370789,6581.08544921875,-1581.08544921875,1581.08544921875
168910,77,120,9,random,27.63102149963379,9,0.0,0.6982963681221008,0.688579797744751,0.688579797744751,5694.392578125,-694.3927001953125,694.3927001953125
168910,78,157,9,random,3.0132715702056885,9,0.04913067817687988,0.6301523447036743,0.6289844512939453,0.6781151294708252,5125.267578125,-125.26776123046875,125.26776123046875
189354,79,33,10,random,2.3912627696990967,8,0.09151405096054077,0.6191950440406799,0.6176699995994568,0.7091840505599976,5688.9921875,-688.9920043945312,688.9920043945312
168910,80,41,10,random,27.63102149963379,10,0.0,0.7268220782279968,0.7258952260017395,0.7258952260017395,5207.5341796875,-207.53421020507812,207.53421020507812
168335,81,81,10,random,2.645603895187378,2,0.07096248865127563,0.8711017370223999,0.8617473840713501,0.9327098727226257,5056.66259765625,-56.66259765625,56.66259765625
168910,82,116,10,random,2.8287811279296875,10,0.05908483266830444,0.633909285068512,0.6398077607154846,0.6988925933837891,5132.75048828125,-132.75030517578125,132.75030517578125
168910,83,165,10,random,2.926313877105713,10,0.053594231605529785,0.6402153968811035,0.6312174201011658,0.6848116517066956,5548.30078125,-548.3009033203125,548.3009033203125
168910,84,191,10,random,3.85469913482666,10,0.02117997407913208,0.6594311594963074,0.6591725945472717,0.6803525686264038,5198.26416015625,-198.2640380859375,198.2640380859375
168335,85,219,10,random,4.814394474029541,10,0.008112132549285889,0.9252858757972717,0.9233497381210327,0.9314618706703186,5058.88232421875,-58.88232421875,58.88232421875
168910,86,220,10,random,2.338991641998291,10,0.09642481803894043,0.7009793519973755,0.6811225414276123,0.7775473594665527,5627.740234375,-627.7404174804688,627.7404174804688
189354,87,239,10,random,3.545105457305908,4,0.028865575790405273,0.6772640943527222,0.6755796670913696,0.7044452428817749,5496.66064453125,-496.66064453125,496.66064453125
168910,88,240,10,random,2.739178419113159,10,0.06462341547012329,0.676354706287384,0.6775113940238953,0.7421348094940186,5142.697265625,-142.697265625,142.697265625
168910,89,246,10,random,27.63102149963379,10,0.0,0.6867771148681641,0.6742357611656189,0.6742357611656189,5014.8818359375,-14.881622314453125,14.881622314453125
168335,90,251,10,random,4.037863731384277,10,0.017635107040405273,0.8919899463653564,0.889739990234375,0.9073750972747803,9239.49609375,-4239.49609375,4239.49609375
168910,91,46,11,random,2.3728370666503906,11,0.09321588277816772,0.6091930866241455,0.6120548844337463,0.7052707672119141,5811.6875,-811.687744140625,811.687744140625
168335,92,102,11,random,3.6454553604125977,11,0.026109516620635986,0.9011095762252808,0.8846431970596313,0.9107527136802673,5371.59423828125,-371.5943908691406,371.5943908691406
168335,93,128,11,random,4.304242134094238,11,0.013511121273040771,0.9092849493026733,0.8958737850189209,0.9093849062919617,5214.56591796875,-214.56582641601562,214.56582641601562
168910,94,164,11,random,2.4729537963867188,11,0.08433538675308228,0.6337828636169434,0.6368139982223511,0.7211493849754333,5107.87451171875,-107.87469482421875,107.87469482421875
168335,95,184,11,random,3.149962902069092,11,0.042853713035583496,0.8901156187057495,0.9009802937507629,0.9438340067863464,5352.56884765625,-352.5686340332031,352.5686340332031
168335,96,237,11,random,4.4730353355407715,11,0.011412620544433594,0.932451605796814,0.9292259812355042,0.9406386017799377,6621.62060546875,-1621.6207275390625,1621.6207275390625
168910,97,238,11,random,27.63102149963379,11,0.0,0.6589375138282776,0.6707724928855896,0.6707724928855896,5071.34228515625,-71.34228515625,71.34228515625
168910,98,243,11,random,3.3047735691070557,11,0.036707520484924316,0.6476832628250122,0.647166907787323,0.6838744282722473,5610.93701171875,-610.9369506835938,610.9369506835938
168910,99,16,12,random,27.63102149963379,12,0.0,0.6663050055503845,0.6682989001274109,0.6682989001274109,5263.60498046875,-263.6051330566406,263.6051330566406
168335,100,42,12,random,3.15244197845459,12,0.0427476167678833,0.8988204598426819,0.8977725505828857,0.940520167350769,5317.7568359375,-317.7568359375,317.7568359375
168910,101,103,12,random,3.4422521591186523,12,0.031992554664611816,0.6628106832504272,0.6496862173080444,0.6816787719726562,5002.869140625,-2.8693389892578125,2.8693389892578125
168910,102,110,12,random,3.293461799621582,12,0.0371251106262207,0.656419575214386,0.6535988450050354,0.6907239556312561,5447.16015625,-447.160400390625,447.160400390625
168910,103,112,12,random,3.3044798374176025,12,0.03671830892562866,0.652833878993988,0.6559317708015442,0.6926500797271729,5500.05712890625,-500.05706787109375,500.05706787109375
168910,104,137,12,random,4.36004114151001,12,0.012777864933013916,0.6661069989204407,0.6602282524108887,0.6730061173439026,5179.671875,-179.672119140625,179.672119140625
168910,105,161,12,random,4.135451316833496,12,0.015995442867279053,0.6668659448623657,0.6581876277923584,0.6741830706596375,5084.34619140625,-84.34616088867188,84.34616088867188
168335,106,163,12,random,2.949799060821533,12,0.05235022306442261,0.8906583786010742,0.8881699442863464,0.940520167350769,5080.9853515625,-80.98532104492188,80.98532104492188
168910,107,186,12,random,3.519345998764038,12,0.029618799686431885,0.6874781847000122,0.6802499890327454,0.7098687887191772,5965.89404296875,-965.8942260742188,965.8942260742188
168910,108,200,12,random,4.397375106811523,12,0.012309610843658447,0.6829653382301331,0.6727097034454346,0.685019314289093,5084.1923828125,-84.19232177734375,84.19232177734375
168335,109,244,12,random,4.423890113830566,12,0.011987507343292236,0.8949390649795532,0.8842315077781677,0.89621901512146,15661.9794921875,-10661.9794921875,10661.9794921875
168331,110,95,13,random,5.104835510253906,13,0.006067335605621338,0.6016150712966919,0.599665105342865,0.6057324409484863,7052.03271484375,-2052.03271484375,2052.03271484375
168910,111,111,13,random,4.6696858406066895,9,0.009375214576721191,0.6897991895675659,0.6801021695137024,0.6894773840904236,5129.48974609375,-129.4898681640625,129.4898681640625
168910,112,122,13,random,27.63102149963379,13,0.0,0.6636471748352051,0.6767649054527283,0.6767649054527283,5342.39404296875,-342.39404296875,342.39404296875
168335,113,162,13,random,3.3189616203308105,13,0.03619039058685303,0.8923286199569702,0.8973239660263062,0.9335143566131592,5052.02197265625,-52.02203369140625,52.02203369140625
168910,114,168,13,random,27.63102149963379,13,0.0,0.7112572193145752,0.7216309309005737,0.7216309309005737,5139.5908203125,-139.591064453125,139.591064453125
168335,115,117,14,random,4.305937767028809,14,0.013488233089447021,0.9257382750511169,0.9133516550064087,0.9268398880958557,5303.779296875,-303.7790832519531,303.7790832519531
168331,116,140,14,random,27.63102149963379,14,0.0,0.583838164806366,0.6001090407371521,0.6001090407371521,6126.962890625,-1126.962890625,1126.962890625
168335,117,105,15,random,27.63102149963379,15,0.0,0.9246187806129456,0.9232089519500732,0.9232089519500732,5000.8515625,-0.8514862060546875,0.8514862060546875
168335,118,233,15,random,3.6370396614074707,15,0.026330173015594482,0.9014256596565247,0.8992977738380432,0.9256279468536377,5541.41357421875,-541.41357421875,541.41357421875
168335,119,3,16,random,5.013402938842773,16,0.006648242473602295,0.9213440418243408,0.9291551113128662,0.9358033537864685,5261.6689453125,-261.66876220703125,261.66876220703125
168331,120,22,16,random,2.466200590133667,16,0.08490684628486633,0.49372968077659607,0.4943098723888397,0.579216718673706,5147.5732421875,-147.57339477539062,147.57339477539062
168868,121,40,16,random,5.713648796081543,16,0.003300607204437256,0.994659960269928,0.9917364716529846,0.9950370788574219,5075.97412109375,-75.9739990234375,75.9739990234375
168868,122,43,16,random,27.63102149963379,11,0.0,1.0,0.9959599375724792,0.9959599375724792,5284.9658203125,-284.96563720703125,284.96563720703125
168331,123,74,16,random,27.63102149963379,11,0.0,0.5322924256324768,0.5309274196624756,0.5309274196624756,5234.2470703125,-234.2471923828125,234.2471923828125
168335,124,111,16,random,2.6478188037872314,1,0.07080549001693726,0.8577041029930115,0.8530798554420471,0.9238853454589844,8523.5107421875,-3523.5107421875,3523.5107421875
168868,125,119,16,random,10.870341300964355,16,1.901388168334961e-05,1.0,0.9964424967765808,0.9964615106582642,5078.2607421875,-78.26080322265625,78.26080322265625
168335,126,149,16,random,27.63102149963379,14,0.0,0.928162693977356,0.947430431842804,0.947430431842804,5173.19482421875,-173.19479370117188,173.19479370117188
168331,127,175,16,random,1.5686067342758179,16,0.2083352506160736,0.5036501288414001,0.4988267123699188,0.7071619629859924,5443.60302734375,-443.6029052734375,443.6029052734375
168335,128,201,16,random,3.536271810531616,16,0.029121696949005127,0.8929346799850464,0.8948764204978943,0.9239981174468994,5231.89990234375,-231.89987182617188,231.89987182617188
168335,129,1,17,random,5.460474014282227,17,0.004251539707183838,0.9463533759117126,0.9368141293525696,0.9410656690597534,5429.1083984375,-429.108154296875,429.108154296875
168868,130,83,17,random,8.064040184020996,17,0.0003146529197692871,0.9979159832000732,0.9934782385826111,0.9937928915023804,5345.66259765625,-345.6625061035156,345.6625061035156
168868,131,100,17,random,6.282690525054932,17,0.0018683671951293945,0.9951785802841187,0.9925312995910645,0.9943996667861938,5091.07080078125,-91.07098388671875,91.07098388671875
168331,132,109,17,random,4.040005207061768,17,0.01759737730026245,0.5448240637779236,0.5445358753204346,0.562133252620697,5416.8857421875,-416.8858642578125,416.8858642578125
168868,133,169,17,random,7.115650653839111,17,0.0008122920989990234,1.0,0.9946537613868713,0.9954660534858704,5458.79833984375,-458.79815673828125,458.79815673828125
168335,134,179,17,random,3.9512181282043457,17,0.01923125982284546,0.9084343910217285,0.9195289611816406,0.9387602210044861,6257.8271484375,-1257.827392578125,1257.827392578125
168335,135,212,17,random,3.8263301849365234,10,0.02178943157196045,0.9082772135734558,0.9083621501922607,0.9301515817642212,5122.20703125,-122.2069091796875,122.2069091796875
168335,136,228,17,random,27.63102149963379,17,0.0,0.9455987811088562,0.9348008036613464,0.9348008036613464,5383.2890625,-383.2889404296875,383.2889404296875
168335,137,235,17,random,3.323347330093384,17,0.036032021045684814,0.9146749377250671,0.9017367362976074,0.9377687573432922,5145.2392578125,-145.239013671875,145.239013671875
168335,138,249,17,random,3.4324464797973633,17,0.03230780363082886,0.8989846110343933,0.9053179025650024,0.9376257061958313,11693.6435546875,-6693.6435546875,6693.6435546875
168331,139,11,18,random,27.63102149963379,18,0.0,0.5428742170333862,0.5375199317932129,0.5375199317932129,5115.2353515625,-115.23532104492188,115.23532104492188
168335,140,39,18,random,27.63102149963379,18,0.0,0.9662477970123291,0.9546900391578674,0.9546900391578674,5310.0029296875,-310.0028076171875,310.0028076171875
168868,141,101,18,random,5.542008876800537,18,0.003918647766113281,1.0,0.9914905428886414,0.9954091906547546,5088.712890625,-88.71296691894531,88.71296691894531
168331,142,129,18,random,3.095426082611084,18,0.04525572061538696,0.526679515838623,0.5168775320053101,0.562133252620697,5634.263671875,-634.2634887695312,634.2634887695312
168331,143,142,18,random,2.572113037109375,18,0.07637399435043335,0.5545915365219116,0.5538786053657532,0.6302525997161865,11402.73828125,-6402.73828125,6402.73828125
168868,144,144,18,random,27.63102149963379,18,0.0,1.0,0.9946386218070984,0.9946386218070984,5183.51904296875,-183.51910400390625,183.51910400390625
168335,145,206,18,random,4.132073402404785,18,0.016049563884735107,0.9425933957099915,0.9261224269866943,0.9421719908714294,5450.02734375,-450.02734375,450.02734375
168868,146,209,18,random,5.603938579559326,18,0.003683328628540039,1.0,0.9925463795661926,0.9962297081947327,5970.4091796875,-970.4089965820312,970.4089965820312
168335,147,238,18,random,3.2458202838897705,5,0.038936614990234375,0.8754828572273254,0.8848253488540649,0.9237619638442993,12246.751953125,-7246.751953125,7246.751953125
168331,148,245,18,random,2.552156448364258,18,0.07791346311569214,0.5514420866966248,0.5498712658882141,0.6277847290039062,7978.38330078125,-2978.38330078125,2978.38330078125
168331,149,252,18,random,3.080995798110962,18,0.045913517475128174,0.4878629446029663,0.4723283052444458,0.518241822719574,5120.748046875,-120.74822998046875,120.74822998046875
168868,150,61,19,random,6.561416149139404,19,0.001413881778717041,1.0,0.9956066012382507,0.9970204830169678,5579.236328125,-579.2363891601562,579.2363891601562
168868,151,132,19,random,5.960317611694336,15,0.0025790929794311523,0.9935699105262756,0.9929440021514893,0.9955230951309204,5052.72509765625,-52.72496032714844,52.72496032714844
168868,152,193,19,random,7.100430965423584,19,0.0008247494697570801,1.0,0.9958686828613281,0.9966934323310852,5078.13720703125,-78.13743591308594,78.13743591308594
168868,153,71,20,random,27.63102149963379,20,0.0,1.0,0.9964272975921631,0.9964272975921631,5036.49951171875,-36.499725341796875,36.499725341796875
168331,154,152,20,random,2.620436668395996,20,0.07277107238769531,0.5128703713417053,0.5169386863708496,0.5897097587585449,5440.58740234375,-440.58740234375,440.58740234375
168331,155,188,20,random,27.63102149963379,20,0.0,0.6251590847969055,0.6252596974372864,0.6252596974372864,5320.0283203125,-320.0284729003906,320.0284729003906
168331,156,192,20,random,2.070950746536255,20,0.12606588006019592,0.5020497441291809,0.499455064535141,0.6255209445953369,6042.232421875,-1042.232421875,1042.232421875
168331,157,226,20,random,2.8518664836883545,20,0.05773645639419556,0.49908801913261414,0.5053454041481018,0.5630818605422974,5485.92529296875,-485.92529296875,485.92529296875
168868,158,230,20,random,27.63102149963379,20,0.0,1.0,0.9964006543159485,0.9964006543159485,5585.583984375,-585.5839233398438,585.5839233398438
168331,159,50,21,random,2.2746410369873047,21,0.1028338074684143,0.5022392868995667,0.5096227526664734,0.6124565601348877,5300.58642578125,-300.5866394042969,300.5866394042969
168868,160,70,21,random,7.17864465713501,21,0.0007627010345458984,1.0,0.9943123459815979,0.9950750470161438,5016.0380859375,-16.03802490234375,16.03802490234375
168331,161,98,21,random,4.28745698928833,21,0.013739824295043945,0.5424641966819763,0.5403384566307068,0.5540782809257507,5233.9892578125,-233.9893035888672,233.9893035888672
168331,162,195,21,random,1.9395381212234497,16,0.14377033710479736,0.5144367814064026,0.517767608165741,0.6615379452705383,5033.9462890625,-33.94627380371094,33.94627380371094
168331,163,207,21,random,4.2612624168396,21,0.014104485511779785,0.5490688681602478,0.5452831983566284,0.5593876838684082,5200.533203125,-200.533203125,200.533203125
168331,164,247,21,random,2.090761184692383,21,0.1235930323600769,0.5232396721839905,0.5258800983428955,0.6494731307029724,5365.19677734375,-365.19659423828125,365.19659423828125
168331,165,14,22,random,2.336951732635498,22,0.09662172198295593,0.5136157870292664,0.4996627867221832,0.5962845087051392,5184.2734375,-184.273681640625,184.273681640625
168331,166,21,22,random,3.0955867767333984,22,0.045248448848724365,0.5402674078941345,0.5355080962181091,0.5807565450668335,5154.4462890625,-154.4463653564453,154.4463653564453
168331,167,65,22,random,2.3612263202667236,22,0.09430450201034546,0.5473617911338806,0.5533748865127563,0.6476793885231018,5053.365234375,-53.3651123046875,53.3651123046875
168331,168,104,22,random,2.3521058559417725,22,0.09516853094100952,0.5045639276504517,0.5007714629173279,0.5959399938583374,5198.076171875,-198.0761260986328,198.0761260986328
168868,169,121,22,random,6.484676837921143,22,0.00152665376663208,1.0,0.994771420955658,0.99629807472229,5468.3525390625,-468.3526306152344,468.3526306152344
168331,170,145,22,random,27.63102149963379,22,0.0,0.6258103251457214,0.6287673711776733,0.6287673711776733,5178.5341796875,-178.53411865234375,178.53411865234375
168868,171,166,22,random,6.640195369720459,22,0.001306772232055664,1.0,0.9951661825180054,0.996472954750061,5063.3310546875,-63.33110809326172,63.33110809326172
168868,172,210,22,random,4.293422222137451,22,0.013658106327056885,0.9819812774658203,0.981428325176239,0.9950864315032959,5153.0078125,-153.00782775878906,153.00782775878906
168331,173,221,22,random,27.63102149963379,18,0.0,0.6070281863212585,0.6025980114936829,0.6025980114936829,5106.16796875,-106.16780090332031,106.16780090332031
168331,174,20,23,random,3.26839542388916,23,0.03806746006011963,0.516154944896698,0.5000946521759033,0.538162112236023,5195.0029296875,-195.00311279296875,195.00311279296875
168331,175,27,23,random,2.37507700920105,23,0.09300732612609863,0.51332026720047,0.5133308172225952,0.6063381433486938,5242.736328125,-242.736328125,242.736328125
168331,176,37,23,random,3.729997396469116,23,0.02399289608001709,0.510039746761322,0.5091680288314819,0.533160924911499,8608.6376953125,-3608.6376953125,3608.6376953125
168868,177,55,23,random,7.124051094055176,23,0.0008054971694946289,0.9993262887001038,0.9956825971603394,0.996488094329834,5408.365234375,-408.36541748046875,408.36541748046875
168331,178,67,23,random,27.63102149963379,23,0.0,0.6168935298919678,0.6077147126197815,0.6077147126197815,5008.3125,-8.312728881835938,8.312728881835938
168868,179,72,23,random,27.63102149963379,20,0.0,0.9962640404701233,0.9955610632896423,0.9955610632896423,5267.46484375,-267.4647216796875,267.4647216796875
168868,180,118,23,random,27.63102149963379,23,0.0,1.0,0.9952572584152222,0.9952572584152222,5080.25537109375,-80.25518798828125,80.25518798828125
168331,181,162,23,random,27.63102149963379,10,0.0,0.649948000907898,0.6464760303497314,0.6464760303497314,5376.615234375,-376.615478515625,376.615478515625
168868,182,211,23,random,7.4849419593811035,23,0.0005614757537841797,0.9997594952583313,0.9941303133964539,0.994691789150238,5112.72265625,-112.7225570678711,112.7225570678711
168868,183,254,23,random,27.63102149963379,20,0.0,1.0,0.9961879253387451,0.9961879253387451,5041.8447265625,-41.84452819824219,41.84452819824219
168868,184,146,24,random,7.762484550476074,24,0.0004253983497619629,0.9905797839164734,0.9955154657363892,0.9959408640861511,5262.88623046875,-262.8863525390625,262.8863525390625
168868,185,151,24,random,7.129988193511963,20,0.0008007287979125977,1.0,0.9943692684173584,0.995169997215271,5024.6064453125,-24.606475830078125,24.606475830078125
168868,186,223,24,random,27.63102149963379,24,0.0,1.0,0.9968797564506531,0.9968797564506531,5279.724609375,-279.72467041015625,279.72467041015625
168868,187,0,25,random,6.710136413574219,25,0.0012184977531433105,1.0,0.9944489002227783,0.9956673979759216,5454.97412109375,-454.9742126464844,454.9742126464844
168868,188,114,25,random,27.63102149963379,25,0.0,1.0,0.9952876567840576,0.9952876567840576,5012.31591796875,-12.316024780273438,12.316024780273438
168868,189,158,26,random,6.462552070617676,26,0.001560807228088379,0.9957407116889954,0.9947258830070496,0.9962866902351379,5033.34423828125,-33.34406280517578,33.34406280517578
189862,190,185,26,random,4.07112455368042,26,0.017058193683624268,0.8645028471946716,0.8507789373397827,0.867837131023407,5055.37060546875,-55.37060546875,55.37060546875
168868,191,231,26,random,27.63102149963379,26,0.0,1.0,0.995124340057373,0.995124340057373,5449.09375,-449.093505859375,449.093505859375
189862,192,176,27,random,2.582993507385254,27,0.07554751634597778,0.8169231414794922,0.8009297847747803,0.8764773011207581,5087.056640625,-87.05645751953125,87.05645751953125
189862,193,44,28,random,3.459848165512085,28,0.03143453598022461,0.8630272150039673,0.8518766164779663,0.8833111524581909,5135.04931640625,-135.04925537109375,135.04925537109375
168868,194,134,28,random,6.932204723358154,22,0.0009758472442626953,1.0,0.994797945022583,0.9957737922668457,5114.83984375,-114.83978271484375,114.83978271484375
189862,195,76,29,random,27.63102149963379,29,0.0,0.8389424085617065,0.8290947675704956,0.8290947675704956,5063.7041015625,-63.70389938354492,63.70389938354492
189865,196,4,30,random,3.901538133621216,30,0.02021080255508423,0.9369000792503357,0.9383985996246338,0.958609402179718,3410.9404296875,1589.0594482421875,0.0
189865,197,5,30,random,27.63102149963379,30,0.0,0.9382724761962891,0.9444425702095032,0.9444425702095032,3181.842041015625,1818.157958984375,0.0
189865,198,6,30,random,6.350291728973389,30,0.0017462372779846191,0.9473994970321655,0.939064621925354,0.9408108592033386,2545.367919921875,2454.632080078125,0.0
189862,199,7,30,random,3.4538629055023193,30,0.031623244285583496,0.8456416726112366,0.8260672688484192,0.8576905131340027,4475.1806640625,524.8191528320312,0.0
189865,200,10,30,random,4.047973155975342,30,0.01745772361755371,0.9350444078445435,0.928520917892456,0.9459786415100098,4995.4892578125,4.510894775390625,0.0
189862,201,12,30,random,3.514902353286743,30,0.029750704765319824,0.8192580938339233,0.8102411031723022,0.8399918079376221,3672.109375,1327.890625,0.0
189862,202,13,30,random,27.63102149963379,30,0.0,0.8564475178718567,0.8522894382476807,0.8522894382476807,4771.94775390625,228.05206298828125,0.0
189865,203,15,30,random,27.63102149963379,30,0.0,0.9592850804328918,0.9471269249916077,0.9471269249916077,2380.510009765625,2619.489990234375,0.0
189862,204,24,30,random,27.63102149963379,30,0.0,0.8890135288238525,0.8708250522613525,0.8708250522613525,4018.9384765625,981.0615234375,0.0
189862,205,26,30,random,27.63102149963379,30,0.0,0.86463463306427,0.8669304847717285,0.8669304847717285,3606.5458984375,1393.4539794921875,0.0
189865,206,29,30,random,27.63102149963379,30,0.0,0.9627003073692322,0.9483344554901123,0.9483344554901123,3759.352783203125,1240.647216796875,0.0
189865,207,30,30,random,27.63102149963379,30,0.0,0.9580302238464355,0.9445868134498596,0.9445868134498596,2258.0693359375,2741.9306640625,0.0
189865,208,35,30,random,5.351567268371582,30,0.004740715026855469,0.938200056552887,0.9376793503761292,0.9424200654029846,3030.224365234375,1969.775634765625,0.0
189862,209,38,30,random,3.2041618824005127,30,0.04059290885925293,0.819827139377594,0.8194761872291565,0.8600690960884094,3461.953857421875,1538.046142578125,0.0
189865,210,48,30,random,5.993971824645996,30,0.002493739128112793,0.9420338273048401,0.9393620491027832,0.941855788230896,2731.46533203125,2268.53466796875,0.0
189862,211,49,30,random,27.63102149963379,30,0.0,0.8728660345077515,0.8719386458396912,0.8719386458396912,3175.5302734375,1824.4698486328125,0.0
189865,212,51,30,random,5.80055046081543,30,0.0030258893966674805,0.953983724117279,0.9383342266082764,0.9413601160049438,3102.73974609375,1897.2601318359375,0.0
189862,213,53,30,random,3.854355812072754,30,0.021187245845794678,0.8340281248092651,0.8255380392074585,0.8467252850532532,2276.422607421875,2723.577392578125,0.0
189862,214,54,30,random,27.63102149963379,30,0.0,0.8607822060585022,0.8742634057998657,0.8742634057998657,4139.2763671875,860.7234497070312,0.0
189865,215,59,30,random,27.63102149963379,30,0.0,0.9522351026535034,0.9503406286239624,0.9503406286239624,3954.8349609375,1045.1650390625,0.0
189862,216,62,30,random,3.2549920082092285,30,0.038581132888793945,0.8322139978408813,0.827694833278656,0.86627596616745,3155.958740234375,1844.041259765625,0.0
189865,217,64,30,random,4.054409027099609,30,0.017345726490020752,0.9335128664970398,0.9233216047286987,0.9406673312187195,2586.365966796875,2413.634033203125,0.0
189865,218,66,30,random,4.962940216064453,30,0.006992340087890625,0.9414682984352112,0.9360247254371643,0.9430170655250549,3175.727294921875,1824.272705078125,0.0
189862,219,69,30,random,27.63102149963379,30,0.0,0.906836986541748,0.8942928910255432,0.8942928910255432,3074.60302734375,1925.39697265625,0.0
189865,220,79,30,random,5.210062026977539,30,0.005461335182189941,0.9262510538101196,0.9263274669647217,0.9317888021469116,3067.037841796875,1932.962158203125,0.0
189862,221,82,30,random,27.63102149963379,30,0.0,0.843085765838623,0.8535649180412292,0.8535649180412292,3711.1982421875,1288.8018798828125,0.0
189862,222,85,30,random,27.63102149963379,30,0.0,0.877729594707489,0.8666957020759583,0.8666957020759583,2751.065185546875,2248.934814453125,0.0
189865,223,87,30,random,3.9567410945892334,30,0.01912534236907959,0.9534882307052612,0.9311065673828125,0.9502319097518921,2405.005859375,2594.994140625,0.0
189862,224,90,30,random,27.63102149963379,30,0.0,0.880200982093811,0.8873775005340576,0.8873775005340576,4557.6484375,442.35137939453125,0.0
189865,225,91,30,random,5.963094711303711,30,0.0025719404220581055,0.9418419003486633,0.9416833519935608,0.9442552924156189,4062.150390625,937.849609375,0.0
189862,226,93,30,random,27.63102149963379,30,0.0,0.8604759573936462,0.8463475108146667,0.8463475108146667,3774.06640625,1225.93359375,0.0
189865,227,97,30,random,27.63102149963379,30,0.0,0.9795589447021484,0.9743183851242065,0.9743183851242065,3866.5927734375,1133.4073486328125,0.0
189865,228,108,30,random,27.63102149963379,30,0.0,0.9665942788124084,0.9502246975898743,0.9502246975898743,1960.962890625,3039.037109375,0.0
189865,229,124,30,random,3.704569101333618,30,0.024610817432403564,0.9488881826400757,0.9327561259269714,0.957366943359375,3010.53271484375,1989.46728515625,0.0
189865,230,126,30,random,27.63102149963379,30,0.0,0.9850596189498901,0.9662421345710754,0.9662421345710754,3767.114013671875,1232.885986328125,0.0
189865,231,127,30,random,5.964718341827393,30,0.002567768096923828,0.9578852653503418,0.9375327229499817,0.9401004910469055,3083.81494140625,1916.18505859375,0.0
189862,232,131,30,random,7.5033698081970215,30,0.0005512237548828125,0.8590828776359558,0.8497216105461121,0.8502728343009949,3127.976806640625,1872.023193359375,0.0
189862,233,133,30,random,3.2001774311065674,30,0.04075497388839722,0.8353824615478516,0.8182485699653625,0.8590035438537598,5229.462890625,-229.46286010742188,229.46286010742188
189862,234,139,30,random,3.5590977668762207,30,0.02846449613571167,0.8450649976730347,0.8556186556816101,0.8840831518173218,3355.75830078125,1644.2415771484375,0.0
189862,235,143,30,random,27.63102149963379,30,0.0,0.8468188643455505,0.842681348323822,0.842681348323822,3607.56591796875,1392.4339599609375,0.0
189865,236,147,30,random,5.341596603393555,30,0.004788219928741455,0.9387304186820984,0.9406457543373108,0.9454339742660522,2676.906494140625,2323.093505859375,0.0
189862,237,148,30,random,27.63102149963379,30,0.0,0.8610527515411377,0.8584662675857544,0.8584662675857544,4519.2216796875,480.7783203125,0.0
189865,238,150,30,random,5.552774429321289,30,0.0038766860961914062,0.9507202506065369,0.9469354152679443,0.9508121013641357,4123.15087890625,876.8490600585938,0.0
189862,239,153,30,random,4.677581310272217,30,0.009301483631134033,0.8329889178276062,0.8352882862091064,0.8445897698402405,3651.622802734375,1348.377197265625,0.0
189862,240,155,30,random,4.585663318634033,30,0.010196983814239502,0.8417835831642151,0.825837254524231,0.8360342383384705,3889.9931640625,1110.0067138671875,0.0
189862,241,167,30,random,2.6366939544677734,30,0.07159757614135742,0.8117974400520325,0.7973691821098328,0.8689667582511902,2765.145263671875,2234.854736328125,0.0
189865,242,173,30,random,4.367668628692627,30,0.012680768966674805,0.9434053897857666,0.9396559000015259,0.9523366689682007,4649.76123046875,350.2386779785156,0.0
189862,243,181,30,random,27.63102149963379,30,0.0,0.8639886975288391,0.869397759437561,0.869397759437561,4192.41796875,807.5819091796875,0.0
189865,244,183,30,random,3.7334964275360107,30,0.02390909194946289,0.9341846704483032,0.928616464138031,0.9525255560874939,3821.116455078125,1178.883544921875,0.0
189865,245,187,30,random,27.63102149963379,30,0.0,0.9457305669784546,0.9469607472419739,0.9469607472419739,3215.85595703125,1784.1441650390625,0.0
189862,246,190,30,random,3.2747883796691895,30,0.03782486915588379,0.8372292518615723,0.8341802358627319,0.8720051050186157,4250.7548828125,749.2452392578125,0.0
189862,247,198,30,random,27.63102149963379,30,0.0,0.8462322354316711,0.8601807355880737,0.8601807355880737,3576.80908203125,1423.19091796875,0.0
189862,248,202,30,random,27.63102149963379,30,0.0,0.87760990858078,0.8719286322593689,0.8719286322593689,4650.74853515625,349.25152587890625,0.0
189865,249,204,30,random,27.63102149963379,30,0.0,0.9434685707092285,0.940548837184906,0.940548837184906,3328.9580078125,1671.0421142578125,0.0
189865,250,222,30,random,4.807533264160156,30,0.00816798210144043,0.9433599710464478,0.9408395290374756,0.949007511138916,3891.005126953125,1108.994873046875,0.0
189862,251,227,30,random,3.2423741817474365,30,0.03907102346420288,0.8195439577102661,0.8108223676681519,0.8498933911323547,5018.72998046875,-18.730056762695312,18.730056762695312
189865,252,242,30,random,27.63102149963379,30,0.0,0.9606783390045166,0.948153555393219,0.948153555393219,3819.511962890625,1180.488037109375,0.0
189865,253,194,32,random,5.490602970123291,30,0.004125356674194336,0.9366692304611206,0.9342446327209473,0.9383699893951416,2547.001953125,2452.998046875,0.0
189865,254,45,33,random,4.138298511505127,30,0.01594996452331543,0.9500300884246826,0.9380192756652832,0.9539692401885986,3846.1953125,1153.8045654296875,0.0
189865,255,75,33,random,27.63102149963379,30,0.0,0.937516987323761,0.9525982737541199,0.9525982737541199,2732.441650390625,2267.558349609375,0.0
